smiles,Surface
CCC(C)N,21.37375
C(C=CC)C,16.6125
N1=CC=CC2=C1C=CC=C2,42.5925
O=C(C)C(C(=O)OCC)(CC)CC,27.695
CCCCCCCCOB(OCCCCCCCC)OCCCCCCCC,28.18
CCOC(=O)CC(C)C,23.5275
C(C1=CC=NC=C1)(=O)OCCC,34.972
CC(CC(C)(C)C)CC(C)(C)C,21.4
CCCCCP(=O)(OCCC)OCCC,27.9875
CC1=CC=C(C=C1)C(C)C2=CC=C(C=C2)C,34.5
CC[N+](=O)[O-],32.13125
CC(C)O[P+](=O)OC(C)C,26.4
FC([N+]([O-])=O)([N+]([O-])=O)[N+]([O-])=O,24.5425
ClCC(OCCCC)=O,29.7275
CCOC(=O)C#CC(=O)OCC,33.05
COC(C1=CC=CC=C1C(OC)=O)=O,41.85
CCOCCOCCOCC,27.095
CCCCCCS(=O)(=O)Cl,30.88875
O=C(CCOCCC)OC,28.02375
CCOC(=O)C=C,24.66
C1=CC=CC=C1OC2=CC=CC=C2,26.75
CC(C)OC(=O)CCC(=O)OC(C)C,28.00875
CCCCOP(OCCCC)OCCCC,25.62375
CCCCOC(=O)C=CC1=CC=CC=C1,35.515
O=C1CCCCC1,34.5675
CCCO,23.51375
C=1(C(=CC=CC1CC=2C=CC=CC2)C=3C=CC=CC3)O,43.6775
CC(C)(C)C1=CC2=CC=CC=C2C=C1,33.96875
CC1=CC=CC=N1,33.31125
CCCC(=O)OC,24.90375
CC(Cl)Cl,24.3625
CCCCCCCCCCC1CCCCC1,29.557625
COC1=CC=CC=C1[N+]([O-])=O,45.7
O=C([O-])C(CCC)C=C,26.29
C(CCCC(OCC(OC(CCCCCCCC)=O)COC(CCCCCCCC)=O)=O)CCCC,23.9675
C(C(C(C(C(C(C(F)F)(F)F)(F)F)(F)F)(F)F)(F)F)O,23.8
O=S(OCCCC)(OCCCC)=S,29.28
O(C(CC)C)C(C)=O,23.085
CCCCCCCCCCCCCCCCCCCC,28.508875
C(OCC)(=O)C(Cl)(Cl)Cl,30.55375
C(CCN(CCCCC)CCCCC)#N,28.54125
ClCC1CO1,36.2
CC1CCC(CC1)O,27.5175
CC(C(=CC1C(=CCCC1(C)C)C)C)=O,31.685
CCCCCCCCCCCCC=C,26.55625
O=C(OCCCCCC)CCOCCCCC,27.75125
C(CCBr)CCBr,40.27875
C(CCOCCCC)(OCCCC)=O,26.565
CC(CC)=NOCCC,23.69125
CC(C)CSC,24.8175
CC(=O)C(Cl)Cl,31.91
CCOC(=O)C1=CC=NC=C1,36.88375
C(C(CCCCCCCCCC)CCCCCCCCCC)CCCCCCCCCC,30
COC1=CC=CC=C1Cl,38.6
CCOC(=O)C(CC1=CC=CC=C1)C(=O)OCC,34.841875
CC(C)CC#N,25.72125
CC(=C(C)C)C1=CC=CC=C1,32.04
COCCOCCOCC(CC(C(C(C(C(C(F)(F)F)(F)F)(F)F)(F)F)(F)F)(F)F)O,24.6
O=C(OCC(COC(C(F)(F)C(F)(F)C(F)(F)F)=O)(COC(C(F)(F)C(F)(F)C(F)(F)F)=O)COC(C(F)(F)C(F)(F)C(F)(F)F)=O)C(F)(F)C(F)(F)C(F)(F)F,18.5
O(CCCC)C(=O)CC=C,26.3325
CC(=O)CCC(=O)CCC(=O)CCC(=O)CCC(=O)C,33.91
CCCCC(=O)CCCC,26.52625
CCCCCC=CC,21.38
CC1C(CCCC1)O,30.91
CCCCCCOC(=O)CCOCC,27.425
CCCC1=CC=CC=C1,28.71125
CCCCCCCCCl,27.19375
CCCCCCCC(CCCC)O,27.2275
O=C(OC(F)(F)C(F)(F)C(F)(F)C(F)(F)C(F)(F)C(F)(F)C(F)(F)C(F)(F)F)CC(C)CC(OC(F)(F)C(F)(F)C(F)(F)C(F)(F)C(F)(F)C(F)(F)C(F)(F)C(F)(F)F)=O,19.5
C(=C(CC)CC)(C(OCC)=O)C#N,33.26625
CCCCCC(C)(CCCC)Cl,27.37625
O=C([O-])C(CCC)Br,31.96
CCCCCCSCCCCCC,28.2
CCC(CC)=NO,28.6975
CCCC(=O)C1=CC=CC=C1,35.2525
N(CCC)CCC,22.5625
CCCCC(C)(C)Cl,23.9025
CCOC(=O)C=CC(=O)O,31.79
CCCCCCCCF,23.7975
C(CCCCCCCCC)Br,29.335
C(CCCI)CCI,44.20375
CS(C)=O,42.70875
CCCCC(C)(CCC)O,25.854875
CCCCCCCCCCCCCCCCCCCCCCCC,29.29
CC(C)CO,22.76125
C[Si](C)(C)O[Si](C)(C)O[Si](C)(C)C,17.56
CCCCCCCCC1=CC=CC2=CC=CC=C12,34.03625
CCOC(=O)CC1=CC=CC=C1,35.08375
O=C(OCCC)CCOCCCCCCC,27.66125
CCCC(CC)(CC)Cl,25.7625
NC,19.15
COCCOCCOC,29.85
CC(C)CCO,23.71
C1(=CC=CC=C1)CNCC2=CC=CC=C2,40.8275
C1(=CC=CC=N1)C=O,41.24125
CCCCC1=CC=CC2=CC=CC=C21,35.46625
FC(F)(F)C(F)(F)C(F)(F)C(F)(F)C(F)(F)C(F)(F)C(F)(F)C(F)(F)C(F)(F)F,14.4
O([SiH](OCC)OCC)CC,20.8
C=1(C(=CC(=CC1Br)CC=2C=CC=CC2)C=3C=CC=CC3)O,43.705
C(CC(C)C)(C)(C)C,18.5505
C(OCOCC(C)C)C(C)C,22.1925
CC(C)C(C)C(C)C,20.469375
C1(=CC=CC=C1)CCBr,38.645
CCCCCCCCOCCCCCCCC,27.5175
CC(C)C1=CC=NC=C1,33.42625
CCC(C)(C)C(C)C,20.88925
OC(CCC1C(CCC=C1C)(C)C)C,30.48
C#CCCCCCCC([O-])=O,29.46
CC1=CC=CC=C1C,29.75875
CCCCC#N,27.18875
C1CC1C(=O)O,34.21875
O(CC)C1CCCC1,25.855
CCOC=O,23.51125
CC1CCCC(C)(C)C1CCC(C)O,30.35625
NN(C)C,26.67
C=C1CC2CCCCC2CC1,30.6075
CC1=CC(=CC=C1)C#N,36.56875
CCOS(=O)OCC,29.58
N(CCCC)CCC#N,30.5925
CCCCOC(=O)C(C(C(C(C(C(C(F)(F)F)(F)F)(F)F)(F)F)(F)F)(F)F)(F)F,18.7
C(C#C)OC(CCCCCC)=O,29.208
O=C(OCCC)CCOCCCCC,26.8125
CCCCCCCCP(=O)(OCCC)OCCC,28.555
CN1C(C2=CC=CN=C2)CCC1,38.29
[O-]P(OCCOCC)OCCOCC,33.96
CCCCC(C)(C)C,19.39
O=P(O)(OCCOCC)O,32.2
CCC(CC)=NOCCC,24.73
CCC1CCCCC1,25.3575
O(COC)C,20.5925
S(C)SC,33.72625
O=C(OCCCC)C(Cl)(Cl)Cl,29.9375
CCCC(CCCCCCCCC(CCC)(CCC)Cl)(CCC)Cl,31.765375
CC(O)C(O)C,34.06
C1CO1,23.915
CCC1=CC=CS1,29.605
CCCOC(=O)C(Cl)(Cl)Cl,30.16625
CCCI,29.025
O=C(OCCC(C)C)C=CC([O-])=O,29.33
CCCC(C(=O)OC)C(=O)OC,31.0675
CC(C)CN(CC(C)C)C1=CC=CC=C1,30.53375
CC(C)CN,22.025
O=C(OCC)CC1(CC([O-])=O)CCCC1,32.41
C(C(F)(F)F)(=O)O,13.529
C(C(C(C(F)(F)F)(F)F)(F)F)(C(C(F)(F)F)(F)F)(F)F,11.67625
CCCC=CC,18.08
CCCC(=NO)C,28.9
O=C(C1(C([O-])=O)CC1)OCC,32.91
CCCCCCBr,27.636375
CCCCCC1=CC2=CC=CC=C2C=C1,34.3725
CCCCCC(=O)CC,26.433
CC(C)CCN(CCC(C)C)CCC(C)C,24.13625
CCCOP(=O)(CC)OCCC,28.02625
C1(CCC1)C(=O)OCCCC,28.8575
CCCCCCCCOCCO,29.8
P(OCCOCCC)(OCCOCCC)=O,30.635
CCCC(C(=O)C)C(=O)OCC,29.626375
S1C=CC=C1C=O,48.4725
C(CCCCCCCCCCCCCCC)(OC)=O,29.75625
ClCCO,36.55
CCCCC(CC)CC,22.12375
CC1=CC=C(C)C=C1,28.2775
CCCCCCOCCCCCC,24.5675
S1C(CCCCCCC)=CC=C1,30.1675
O=C(C(=CC1C(CCC=C1C)(C)C)C)C,32.17
OCCOCCOCCOCCOCCOCCOCCCCCCCC,32.85
O=C(OCCCCC)CCOCCCCCC,27.99375
CC(C)C(C)C(C)(C)C,21.33525
CC1(CCCC1)O,29.50375
CCCCC(CCCCC)(CCCC)Cl,27.66625
CC(OCCCC)OC(C)(C)C,22.65
C1COCO1,32.61
CCCCCCOC(=O)COCCCC,27.3875
CC(C)CCCC(C)C,20.7765
CC(=C)C1CCC(=CC1)C,26.70775
CCC(=O)OC(=O)CC,29.7
CC(CCCC)O,24.48875
CCOC(=O)C1=CC=CC=C1,34.77625
C=1C=C2C(=CC1)C=CC=C2C(OCCC)=O,39.365
COC(=O)CC=C,27.08125
C#CCO,35.7325
CCCCCOC(=O)C1=CC2=CC=CC=C2C=C1,36.99
CCN(CC)C1=CC=CC=C1,34.25
CCCCCOCCOCCO,29.9
CCCCCC(C)(CC)O,26.28725
O=C(OCC)CC1(CC([O-])=O)CC(C)CCC1,31.26
O=S1CCCC1,48.87
CCC(C(C)C)O,24.3725
CCCC(=O)OC(=O)CCC,28.44
CC(C)CCCO,24.25575
C1=CC=C(C=C1)COC2=CC=CC(=C2)C3=NC(=CS3)C=O,21.66
CCCCCCCCC(=O)O,28.9
O=C(CCCCC)CCCC,26.503625
CCCCCCOC(=O)C1=CC2=CC=CC=C2C=C1,36.585
[O-]P(OCCOCCCC)OCCOCCCC,30.96
C=C1CCCCC1,25.41875
CC1=CCCCC1,26.32125
CC(C)CC(=O)CC(C)C,25.54
O(C(=O)CCCCCCCC(OC)=O)C,35.05375
CCCCCC[N+](=O)[O-],29.322875
C(C(=O)OCCCCCC)(=O)OCCCCCC,30.235
C(C)(C)(C)N,16.87
CC1=CC=CC=C1N,40.0825
CN(C)C1=CC=CC=C1,35.77875
CC(C)OC(=O)C(=O)OC(C)C,28.17625
C(=O)(OCC)CCl,31.53375
O=C(OCC)C(CC(OCC)=O)OC(CCC)=O,30.77
CC1=CC=CC=C1,28.22375
CCCCCCCCCC#C,26.35345
O(CCCC)C(=O)CCOC,28.24125
CCCCCF,19.79125
COC(=O)CCCCCCC(=O)OC,35.37125
C=1C=C(C=CN1)C(CCCCCC)CCCCCC,31.05375
CCC(C(=O)OCC)C(=O)OCC,29.2575
CC(OCCOCC)OCCOCC,27.44
CC(C)C[N+]([O-])=O,28.1625
O=C(OC)CC(CC)(CC)CC([O-])=O,31.74
C(F)(F)(F)C(F)(F)C(F)(F)C(F)(F)C(F)(F)C(F)(F)C(F)(F)C(=O)O,15.2
N=1C(CCCCCC)=CC=CC1,30.39875
CCC[N+](=O)[O-],29.97375
CCCCCCCP(=O)(OCCC)OCCC,28.3325
CC(CCCN)C,23.204125
CCCCCCCCCCCC(=O)OCC,28.1065
CCCCC=O,25.6875
CCN=C=S,35.7075
N=1C(CCCCCCC)=CC=CC1,30.62875
CCCC(C(=O)OCC)C(=O)OCC,28.68625
N(=C(CCC)C)OCCC,24.135
OCCOCCOCCO,45.13
CCCC1=CC2=CC=CC=C2C=C1,35.47
C(CCCC)C(C)(C)C,20.6575
C(C(C(F)(F)F)(F)F)(C(N(C(C(C(C(F)(F)F)(F)F)(F)F)(F)F)C(C(C(C(F)(F)F)(F)F)(F)F)(F)F)(F)F)(F)F,16.3
CCCCC(COC(=O)CCCCCCCCC(=O)OCC(CCCC)CC)CC,31.1
C1=CC(=CC(=C1)I)[N+](=O)[O-],47.4
C(C(OCCC)=O)COCC,27.015
CCCCCCCCCCCCCCCCI,32.51
CC(CCC1=CC=CC=C1)O,35.4511125
C1CC=CC1,22.57625
C1CC(C1)C(=O)O,33.36375
CCCOC(=O)C1=CN=CC=C1,35.8675
O=C(C#CC(OCCCCC)=O)OCCCCC,31.21
ClCCCCCl,34.8275
C1=CC(=CC=C1[N+](=O)[O-])F,38.7
S1C(OC)=CC=C1,35.94
C(C#CCOC(CCCC)=O)OC(CCCC)=O,31.826625
CC(C)CCOC(=O)CCCCCCCCC(=O)OCCC(C)C,30.90875
CCCOP(OCCC)OCCC,24.83875
CCCC(C)C,17.129125
CCOS(=O)(=O)OCC,33.52
CCCCCOC(=O)CCC,25.42875
CCC(C)C(CC)CC,22.572
CCOP(=O)(CC)OCC,28.43625
CCCS,24.52
ClCCSCCCl,42.82
CCCCCCN,25.98375
COC1=CC=CC(=C1)O,42.2
CCC(CC)CC,20.2
ClC([N+](=O)[O-])(Cl)Cl,31.675
C(CCOCCCC)(=O)OCCC,26.89375
C(COCCCC)(=O)OCCC,27.1775
ClCCCl,32.215
C(C(C(CCC)CC)C#N)(=O)OCC,30.25125
CCCCCCCCCC,23.380375
CC1=CC(=CC=C1)O,35.69
C=1(C(=CC(=CC1CC=2C=CC=CC2)Br)C=3C=CC=CC3)O,44.47
N(C(C)C)C(C)C,19.40875
CC(C)CCC(C)C,19.629875
IC1=CC=CS1,42.08
C1=CC=C(C=C1)F,26.96
O=S(OCCC)(OCCC)=S,29.6
CC1CCCC(C1)O,28.8
CCCCCCCCCCCCCCCCCCCl,31.51
CCCOS(=O)OCCC,28.69
S1C(=CC=C1)Cl,33.3725
C(C(CO[N+](=O)[O-])O[N+](=O)[O-])O[N+](=O)[O-],50.105
N(CC(C)C)CC(C)C,21.72
CC=1CCCC1,18.96
C(CC(=O)OCCCCC)(=O)OCCCCC,28.1
CCCCCCOP(=O)(O)O,28.05
COC(=O)CC1=CC=CC2=CC=CC=C21,44.87125
CC1=CC=C(CCC2=CC=C(C)C=C2)C=C1,33.6
CC(C)OC(=O)C1=CN=CC=C1,33.545
C(C(C(C)=O)CC)(OCC)=O,29.3805
CCOC1=CC=CS1,33.2275
CC(C(OC)=O)=CC([O-])=O,35.27
CCCCCCCCCCCCCl,29.585
CC(C)(C)SSC(C)(C)C,27.005
CCCCCCCCCCCC#N,29.82
C(C(C(C(C(F)(F)S(=O)(=O)O)(F)F)(F)F)(F)F)(C(C(C(F)(F)F)(F)F)(F)F)(F)F,33
C(CO[N+](=O)[O-])CO[N+](=O)[O-],45.6
CCCCCCCOP(=O)(CC)OCCCCCCC,28.29625
CC1CCCCC1=O,31.75125
CCCSC1=CC=CC=C1,35.1075
CCCC(CCCCCCCC)Cl,27.67
CCCCOC(=O)C(CC)C(=O)OCCCC,28.56375
O=C(OCC)CC1(CC([O-])=O)CCC(C)CC1,31.3
C(=O)(OC)CC#N,38.9025
C(CCOCCCCC)(=O)OCC,27.155
C(OC1=CC=CC=C1)C,32.935
ClCCCCCCCCl,35.7575
C1(CC(CCC1)=C)C,24.215
C(C(C)O[N+]([O-])=O)O[N+]([O-])=O,44.8625
CC1COP(O1)OC,29.65
CC=C(C1=CC=CC=C1)C,33.61
CCC(C)CC(C)C,19.821375
CC=CC,12.8875
CCCCCCC=C,21.2825
N(C)(CCO)CCO,40
CCC1=CC=CC2=CC=CC=C21,38.2175
CC(C)CSCC(C)C,24.68625
COC1=CC=CC=C1,35.4
C1CCC(CC1)C2CCCCC2,32.50125
CC1=CCC(CC1=O)C(C)=C,34.4695
C(CC(C)=O)(OC)=O,32.855
CC1CCCCC1,23.5675
[O-]P(OCCOCCCCCCC)OCCOCCCCCCC,30.95
CCOC(=O)C1CCC1,29.57
CCCC(CC)(CC)O,25.78
CCCC=C,15.72625
O=C([O-])C(CCC)=C(CCC)C([O-])=O,31.96
CC(=O)CC(C)(C)O,31
CCCCOC(=O)C1=CN=CC=C1,34.985
CCCOC(=O)C1=CC=CC=C1,34.14375
CCC(CCCCCCCCC(CC)(CC)Cl)(CC)Cl,33.111375
N#CCCOCCCCC,30.1475
C(C(COC(=O)CCCCCCCC=CCCCCCCCC)OC(=O)CCCCCCCC=CCCCCCCCC)OC(=O)CCCCCCCC=CCCCCCCCC,34.2825
CC(=O)OCC(COC(=O)C)OC(=O)C,36.0575
C[Si](C)(C)O[Si](C)(C)O[Si](C)(C)O[Si](C)(C)O[Si](C)(C)C,17.08
CCCCCCC1=CC=CC2=CC=CC=C12,34.82625
N#CCCCC#N,47.59
O=P(OCCCCCCCC)OCCCCCCCC,28.6225
CC1=CC2=CC=CC(=C2C=C1)C,37.1525
CCCCCCC(C)(CCCCC)Cl,27.2475
C(C(=O)OCCCCCCC)(=O)OCCCCCCC,31.04125
C1=CC(=CC=C1F)Br,34.42
O=C(OCCCCC)CCOCCCCC,27.48125
CN1CCCC1C2=CN=CC=C2,38.85
[Si](C)(CC)(CC)Br,23.76
CCCCOC(=O)CCC(=O)OCCCC,30.4175
CCC(CCC)=NOCCC,25
O(CCCCC)C(=O)CC#N,29.6025
P(OCCCCC)(OCCCCC)OCCCCC,26.5
CCOC(=O)CC1=CC2=CC=CC=C2C=C1,40.41875
O=C(C1(C([O-])=O)CCCCC1)OCC,32.99
O=C([O-])C(CCC)Cl,30.74
CCCCCCCCCC=C,24.635
C(OC(CCC)=O)(COC(CCC)=O)COC(CCC)=O,30.5125
CCCCCCOCOCCCCCC,26.8075
ClCC(OC)=O,34.64
O=S(OCCCC)OCCCC,28.81
CCCCCCCCCCOB(OCCCCCCCCCC)OCCCCCCCCCC,29.38
OC(CCCCCC)CCCCC,26.6225
CC1CCCCC1C,24.04
CC1OC(C)OC(C)O1,26.16
O=C(OCCCC)CCOCCCCCC,27.63125
CCCCC(CC)COC(=O)C1=CC=CC=C1C(=O)OCC(CC)CCCC,31.2
CC=C(CC)C1=CC=CC=C1,33.87
COC(=O)CC1=CC=CC=C1,37.9275
CC1=C(N=CC=C1)C,32.97375
CCS(=O)CC,34.6
CCCCCCC(=O)OCC,25.73625
CCCCCCCCCCCCCCC=C,27.53375
COC1=CC=CC2=CC=CC=C21,42.5725
C(OP(OCCC)(C)=O)CC,28.1175
CC1CCCC(=O)C1,30.97875
CCC(C(=O)OC)C(=O)OC,32.0975
P(OCCOC)(OCCOC)=O,37.35
CCSSCC,30.65125
CC(=O)C=1SC=CC1,41.95
COS(=O)OC,33.97
O=C(C1(C([O-])=O)CC(C)CCC1)OC,33.36
O=C(OC)C(CC=C)C([O-])=O,32.57
CCCCCCCCCCCCCC=C,27.0925
CCCCC(CCC)O,25.43
BrC(C(OCC)=O)C(OCC)=O,32.894625
CC1=CC(=CC=C1)F,29.48375
CCCCCCCCCCCCCCBr,30.9525
O=CC1=CC=CO1,43.0925
CCCCC(C)(CC)Cl,23.45375
C(C(=C(CC)CCC)C#N)(=O)OCC,31.3025
CC(CCC)=C(C#N)C(OCC)=O,33.21
C(=O)(C=1C=CC=C2C1C=CC=C2)CCCCCCC,36.5875
C(=O)(C=1C=NC=CC1)C,44.06
CCCCOC(=O)C(=O)OCCCC,29.40125
OC(=O)CC1C(C(CC1)C)(C)C,31.8125
CCOP(=O)(OCC)OCC,29.72
COC(=O)C=C(C1=CC=CC=C1)Br,44.06375
O=C(C1(C([O-])=O)CCC1)OC,35.11
CCCC(C)O,23.7
CCCCCCCCCCCCCCCCCl,30.79
CCCCCCCC(=O)CC,27.5975
C1=CC=C(C(=C1)[N+](=O)[O-])Cl,45.77
S(SCCCC)CCCC,30.3175
CC#N,28.66125
N(C(C)(C)C)(=O)=O,27.885
CCC(C)(C)CC(C)C,20.539625
O(CCCCCCCC)CCOCCOCCOCCO,32
C1CCC(C1)OC=O,31.5
CCCCCSSCCCCC,29.4075
CC(=O)OC1CCCC1,30.33625
C=1(C=CC=C2C1C=CC=C2)CC(=O)OCCCCC,36.12625
CCCCCCCCC=CCCCCCCCC(=O)OC,31.3
CC(=O)CC(=O)C,30.9
C(C(=O)O)(Cl)Cl,35.6341
O=C(OCC=C)CCC([O-])=O,33.7
C1=CC(=CC(=C1)Cl)Cl,35.72125
CCC(O)CC,24.6
CCCC(C)(C)CC,20.20825
CCOC(=O)C=CC,27.18
CC(C)CCOC=O,24.63375
C1=CC=C(C=C1)OCC2=CC=CC=C2Cl,42.04
S(C(CC)C)C(CC)C,25.5675
C(OC1=CC=CC=C1)C=C,33.62375
O(C(=O)CCCCCCCCCCC)CCC,28.6
CCCCCCCCCCCCCCCCBr,31.43375
CC1CCCCCCCCCCCCC(=O)C1,34.3725
CC(Cl)(Cl)Cl,25.1775
C=CCI,31.4325
CCCC(=O)CCC,25.725
ClC(Cl)C1=CC=CC=C1,38.93125
CCCC(CCC)(CCC)O,25.25
CC(=O)C(C)(C)C,23.43
O=C(OCCCCCCC)CCOCCCCCC,28.23875
C1CCC(CC1)OC=O,31.9435
CCCCCCCCCCCCCCCC,27.0475
CC=CCC,17.39
C(CCC)CS,26.10375
CCCCCCCCCCC#C,27.247375
C(OCCC)(=O)OCC,26.35
CC1=CC(=NC=C1)C,32.86375
CCCC(=O)OCC=C,25.87125
CC(C)OCOC(C)C,20.97
O=C(OCC)C(CC(OCC)=O)OC(CCCCCCCCC)=O,29.91
OCCOCCOCCOCCOCCOCCOCCO,48.1675
OCC=1N=CC=CC1,46.7225
CC(CCC)CCC,20.875
CC(CO)O,36.51
CCCCCCCC(CCCC)Cl,27.8375
CCC(C)(C)C,16.0625
O(C(=O)C(C(CCC)C)C#N)CC,29.8925
C(C(COC=O)OC=O)OC=O,46.8725
O=[N+]([O-])OCC,27.78375
O=C(OCCCCCCCCCCOC(C(F)(F)C(F)(F)C(F)(F)F)=O)C(F)(F)C(F)(F)C(F)(F)F,23
C(C=CC(OCC)=O)(OCC)=O,32.0725
CCCC(C)(C)C(C)C,21.724
O=C(OCCC)CC1=CC=C2C=CC=CC2=C1,38.56875
C(CCCCCCC)C1=CC=CC=C1,30.46
C(=O)(C1=CC=CS1)C(C)C,36.86125
CCC(CC)CC(C)C,21.0925
C(CC1=CC=CC=C1)C(OC)=O,37.07875
ON=CCCCCCC,27.6395
CCC(=C(C#N)C(=O)OCC)C,33.86
CCCCSCCCC,26.99875
[O-]P(OCCOCCC)OCCOCCC,30.97
CC1=CC(=CC=C1)[N+](=O)[O-],40.99
O=C(OCC)C(CC(OCC)=O)OC(CCCCCCCC)=O,30.41
CCCCCCCCCCC,24.20875
CCC(O)=O,26.19875
CC(=O)OC(=O)C,31.93
CCCCCCC(CCCCC)Cl,27.71625
C(CCI)CI,46.7925
[O-]P(OCCCCCC)OCCCCCC,28.73
C(CCCCCCI)I,43.65625
O=C(OC)CCOCCCCCCC,28.125
O=C(OCC)C=C(C(=O)OCC)CC(=O)OCC,34.56
CCCC[N+](=O)[O-],29.55625
C(CCOCCCC)(=O)OCC,27.0075
O=C(OC)C(CC)(CC)C([O-])=O,31.04
C1CCC(C1)Br,33.01875
P(OCCOC)(OCCOC)OCCOC,33.68375
COCCOC,24.61
CCCCCC1=CC=CC2=CC=CC=C12,34.9525
CCOC(=O)CCCCCCCCC(=O)OCC,32.52125
CC=CC(OCCCCC)=O,28.27
CCCCCCCCBr,28.785
CCCCCCCCCCCCCCCCCC(=O)OC,30.45625
C1=CC=C(C=C1)CBr,31.995
C1(C)(C)CCCC(=C1C=CC(C)=O)C,32.98575
O(C(=O)C(=C(CCC)C)C#N)CC,32.7375
CCCCCCCCS,27.56625
B(OCCCCCCC)(OCCCCCCC)OCCCCCCC,26.15
CCCC(=O)OCC(C)C,22.57125
CC(C)OC(C)C,17.535
C(C)(C)I,27.00125
C(CCCCCO[N+](=O)O)CCCCO[N+](=O)O,38.25
O=C(C1(C([O-])=O)CCC(C)CC1)OC,33.29
CCCCCC#N,27.60125
C1CCSCC1,35.805
C(C(OC)=O)CC(C)=O,31.9825
C(#CC(=O)OCCC(C)C)C(=O)OCCC(C)C,30.47
C[Si](C)(C1=CC=CC=C1)C2=CC=CC=C2,32.69
O=C(OC)CC(CCC)(C)CC([O-])=O,31.2
C(C=CC)(=O)OCCCCC,27.79375
CCCCCCCCCCCBr,30.00375
CC(C)CCC1=CC=CC=C1,28.34
C(F)(F)(F)C(F)(F)C(F)(F)C(F)(F)C(F)(F)C(F)(F)C(F)(F)C(F)(F)S(=O)(=O)ONCCO,21.5
CCOC(=O)C(C)Br,30.09375
CCOC(=O)C(C)C,22.4525
N(C(C)C)CCO,40.75
O(CC)CCCC,20.38875
CCOCCC#N,31.2725
O=C(OCC)C(CC(OCC)=O)OC(CCCC)=O,29.81
C1CCCC(=O)CC1,34.39625
CC(=O)OC(C)(C)C,21.6575
CCCOC(=O)C=CC1=CC=CC=C1,36.59
C(CCCCCCC)(OC)=O,27.1725
C=CCCl,23.3725
CC1C(O)CCCC1,30.525
C1=CC=C2C(=C1)C=CC=C2Cl,41.28625
O=C(OCCCCCOC(C(F)(F)F)=O)C(F)(F)F,24.4
C(CCCCCCCCCO[N+](=O)[O-])O[N+](=O)[O-],37.9225
CCC(=O)C1=CC=CC2=CC=CC=C21,43.2325
S(CCCC)CC,26.2175
CC(C)Br,23.54625
B(OCCCC)(OCCCC)OCCCC,24.42
CC(C)(C)C1CCCCC1,26.42025
O(C(OCC(C)C)C)CC(C)C,22.180375
O=C(OCC#C)CCC,29.4925
C[Si](C)(C)C,12.85
ClC(CCCCC)(C)C,24.73475
CCCCCCCCCCCCCCCC=C,27.9275
COC(=O)C=CC1=CC=CC=C1,40.17
C(OCCCCC)OCCCCC,25.735
CC(C)C1=CC2=CC=CC=C2C=C1,34.79875
C1CCC2CCCCC2C1,29.97287973
O=C(OCCCCCOC(C(F)(F)C(F)(F)C(F)(F)C(F)(F)C(F)(F)C(F)(F)C(F)(F)F)=O)C(F)(F)C(F)(F)C(F)(F)C(F)(F)C(F)(F)C(F)(F)C(F)(F)F,19.1
N(N)(CCCCC)CCCCC,26.715
CCCCCCCCCCCCOC(=O)CCC,29.105
CCCCCCCCSCCCCCCCC,30.0175
CCCC(CCCCC(CCC)(CCC)Cl)(CCC)Cl,30.93625
CCCCOCCO,26.345
C(SC1=CC=CC=C1)C,36.75625
CC(=O)C,24.3
COC(=O)C(Cl)=CC(=O)OC,36.935
CCCC(=NN=C(CCC)CCC)CCC,26.3525
[O-]P(OCCOCCCCCC)OCCOCCCCCC,31.18
ClC(Cl)Cl,26.6725
S=C(SCCCC)OCC,32.5475
C(C#CCOC(CCCCC)=O)OC(CCCCC)=O,31.29375
CC1=CCCC(C1C=CC(=O)C)(C)C,32.2
CCCCCCCOP([O-])OCCCCCCC,28.72
CCCCCCCCCCCCOCCO,29.6
CC(C)C,9.74
CCCCCCCCCCCCO,29.395
CCCC(C1=CC=CC=C1)=CCC,34.2
C1CCC(C1)O,32.76625
CCCCCCCC1=CN=CC=C1,31.04
CC(=O)OCCCCCC,26.015
CCOC(=O)CCCCCCCCC=C,29.24
CCCC(C)(C)C,17.789375
C[Si](C)(C)Br,20.1175
CC(C)(C)C(C)(C)C,20.22
O=C(OCCCC)CCOCCCCCCC,27.815
OCC1=CC=CN=C1,49.15
CCCOC(=O)C1CC1,28.72125
OC(SCC)=S,33.72
C(O)(C#N)C1=CC=CC=C1,43.455
C(CCCCCCC)(=O)OCC,26.7105
COCCOCCOCCOCC(C(C(C(F)F)(F)F)(F)F)(F)F,33
COC1CCCC1O,38.1
CCOC1CCCC1OCC,31.9
C(=O)(C=1C=CC=C2C1C=CC=C2)CCCCCC,36.2725
CC(=O)C1=CC=CC=N1,39.35625
CCCC=O,24.58875
CCCC(CC)CCC,22.12375
CCCCCCCCCCCCCCCCCCCCCCCCCCCCCC,30.19
OCCN,48.3175
CCC(C)C1=CC=C(C=C1)C(C)CC,29.98
CCCCN,23.7175
C(CCCl)CCCl,35.4625
CCC(=O)OC,24.1225
CC=CCC1=CC=CC=C1,30.48
CC1=CC(=CC=C1)C(C)C2=CC=CC=C2C,36.1
C=CCC#N,28.95875
CC(C)CCOCCC(C)C,22.80125
OC(C(CC1C(CCC=C1C)(C)C)C)C,30.2425
CCC(CCC)=NOCC,24.25
S1C(CCCCC)=CC=C1,29.85125
CC1=CC=C(C=C1)OC,33.79125
BrC(CC)C(OC(CCC)C)=O,28.124625
CCC=1C=CC=C(C1)CC,28.90875
CCCCCCC1=CC=CC=C1,29.835
CC(C)CCCl,23.09
CCC(CC)C(C)(C)C,21.685
CCCC(=NO)CCC,27.71375
CCCCCC(C)(CCC)Cl,26.75375
N(N)(CCC)CCC,24.90625
CCCCCCCCCCCl,28.655
CCC1=CN=CC=C1,33.49625
N#CCCCCCCC#N,43.31
CCCCCBr,26.88125
CCCON(=O)=O,26.5775
ON=C(CC)C,29.85
C(CCCCCl)CCCCCl,36.25375
CCCN(CCC)CCC,22.6025
CCCCCCCCCCC=C,25.15125
C1(C(C(CC1)C)(C)C)CC(=O)OCC,27.23575
C=CC(=O)O,27.6
CCOC(=O)C#CC1=CC=CC=C1,38.9225
C=COC(C)CC,20.76
CC(C)CCCCC(C)C,21.822375
CCC(CCC)=NO,28.25
CCC(C)C(C)C,19.721875
CCCCOC(=O)C1=NC=CC=C1,35.6225
COC(=O)CC(=O)OC,37.035
CCCCCC(=O)OCC(COC(=O)CCCCC)OC(=O)CCCCC,29.78625
O=C(CCOCC)OC,28.46375
CCCCCCCCCCC1CCCC1,29.11725
CCCCC(CC)C(OCCCCCCOC(C(CC)CCCC)=O)=O,30.2
CC(COC(=O)C=CC(=O)OCC(C)C)C,28.79
COC(=O)C(Cl)Cl,34.25625
CCC(CC)(CC)O,25.4675
CCC(=O)OCCC(C)C,24.875125
C1=CC=C(C(=C1)N)Cl,42.405
CCCCOP(=O)(OCCCC)OCCCC,24.93625
CCCCCC(O)=O,27.55
ClC(=C(Cl)Cl)C(=C(Cl)Cl)Cl,36
CCCCC1CCCCC1,26.782875
CC1=CC=CC=C1[N+](=O)[O-],41.46
C1CC(OC1)CBr,37.11
CCCCCCC(C)(CCCC)O,26.33625
C1(CCC1)C(=O)OCCC,28.88875
C1(=CC=C(C=C1)Br)C,33.9075
CCCCCC(=O)OCC,25.08
C(O)CCO,45.1725
O=C(CC1=C2C(=CC=C1)C=CC=C2)OCCC,38.64125
CC(C)C#N,24.93
CC(C)=NOCC,22.205
OCCOCCOCCOCCOCCOCCCCCCCC,32.17
CCCCCCCCCCCCCCCCCCC#N,31.6
CCC(CC)=CC1=CC=CC=C1,32.22
CCCCNC1=CC=CC=C1,33.69125
CCCCCC(=O)OCC#C,28.97075
CC(CC(=O)[O-])CC(=O)OC,33.7
C(CC1=CC=CC=C1)CCCCCCCC,30.74725
OCCN(CCO)CCO,46.22
CCCCCC(CCC)(CCCC)O,26.48875
C(CCCCCC#C)CCCCC,27.325625
CC1CCCC1,22.01125
CCCCCCC(C)=O,26.79
C(CC1=CC=CC=C1)(OCCCC)=O,33.08625
P(OCCOCCCC)(OCCOCCCC)=O,30.6925
CCC(C1=CC=CC=C1)O,33.7425
CCCOP(OCCC)O,29.25
O=C(OCCCC)CC1=CC=C2C=CC=CC2=C1,37.52875
CC(C)CC(=O)C,23.64
O=[N+]([O-])OCCCC,27.8175
OC1=CC=C(CC2=CC=CC=C2Cl)C=C1,43.44625
CCCCCCCCI,30.45175
CC(=O)O,27.0975
C(CCCCCCCC=CCC(O)CCCCCC)(=O)OCC(C)C,31.1515
CC(C(OC)=O)=C,28
CCCCCS(=O)(Cl)=O,32.86375
O=C(OC)CC1(CC([O-])=O)CCCC1,34.85
C(C(OCCCC)=O)COCC,26.57125
CCCCCCCCOCCOCCO,30.7
O(CCC)C(=O)CCOC,28.1725
C(C#C)OC=O,34.2925
C=CC=O,23.14
O(C(=O)C(=C(CC)C)C#N)CC,33.8625
C(CCCC)CC#C,23.6
S1C(CCCCCC)=CC=C1,29.845
O=[N+]([O-])OCCCCCCCCO[N+]([O-])=O,38.8075
CCCCCCC(C)(CCCCC)O,26.0725
CC(C(OCC)=O)=CC([O-])=O,32.15
ClC(Cl)Br,31.875
CCC(CC)C1=CC=NC=C1,32.9525
N(CC1=CC=CC=C1)(CC)CC,29.56125
O(C(=O)CCCCCCCCCC)CC,28.11375
CCCCCOC=O,25.27625
C#CCC1CCCCC1,29.5645
CCCCCCOC(=O)C(C(C(F)(F)F)(F)F)(F)F,19.2
C(C)S,23.88875
C1CCCS1,34.4525
O=[Sb]O[Sb]=O,27.2
C1(=CC=CC=C1)S,38.405
CCCCCC(=O)CCC,26.52
O(C(C)C)C(=O)CCC1=CC=CC=C1,32.8475
O=NN(CCC)CCC,31.39875
CCCCl,21.6075
CCCCC=CC,20.1
O(B(OCCC)OCCC)CCC,22.48
BrC=1SC(Br)=CC1,42.965
COCCOCCO,28.49
O=C(OCCCCCCC)C1=NC=CC=C1,33.10125
CCC1=C(C=CN=C1)C,36.02
CCCCCCCCCCC(C)Cl,28.40625
CC=CC(=O)OC,28.62
N1=CC(=C(C=C1)CC)C,35.4425
CCOC(=O)C1(CC1)C(=O)OCC,31.49375
C(COCCCC)C(OC)=O,28.04
C(CCCCC(OC(C)C)=O)(OC(C)C)=O,29.08375
CCCCP(=O)(OCCC)OCCC,27.8
CCCCC(=O)OCC(C)C,23.1925
N1=CC=C(C=C1)CCCCCC,31.46
CCCCCOCCO,27.6
C1(C(C(C(C(C1(F)F)(F)F)(F)F)(F)F)(F)F)(C(F)(F)F)F,15.7
CC(C)=CCCC(C)(O)C=C,26.41625
CCCCCOC(=O)C,24.927125
CCCCCCC1=CC2=CC=CC=C2C=C1,33.74625
C(OCCCCC)(CCOCC)=O,27.02
CCCCCCCCCCCCBr,30.607625
C(OCC)(OCC)C,21.1425
CC1=CC(=CC(=C1)C)C,27.77425
CCCC=CC1=CC=CC=C1,33.23
CC=CC=O,25.66
CC1=CSC=C1,32.02875
CCCCCCCCCCCCCCCCC#N,31.37
C(C(CC)C)(C)O,24.8425
CCCCCCCOP(=O)(O)O,28.04
O(CCC(C)C)C(OCCC(C)C)C,23.98
O=C(OC)CC1(CC([O-])=O)CC2CCCCC2CC1,36.41
C(=O)(OC)CCC(=O)OC,36.32125
CCCCC(O)=O,26.90625
CCCCOC(C1CC1)=O,28.65375
CCOP1OCC(O1)C,27.75
CCCCCC#C,22.4175
NCCN,41.275
S(C(C)(C)C)CC,23.0625
N#CCCCCCCCC#N,42.57375
CCCCCCCCl,26.77875
S(C(C)C)C(C)C,22.9375
COC1CCCC1,26.14625
CC1CC(C)CCC1,22.635
C=CCBr,26.62375
CCN(CC)CC,20.47
CCCOC1CCCCC1OCCC,33.5
CC(C)C(C)(C)O,23.99
C(OP(OCCCC)(CC)=O)CCC,27.845
C(CC1CCCCC1)(C)C,25.93375
C(CCCCC)C(C)C,21.645
ClCCOCCCl,37.6325
O=C(OCC(C)C)C#CC1=CC=CC=C1,34.8205
CCCCCCCC=C,22.78875
NOS(=O)(=O)C(C(C(C(C(C(C(C(F)(F)F)(F)F)(F)F)(F)F)(F)F)(F)F)(F)F)(F)F,27.8
C(=CC(OCCC)=O)C1=CC=CC=C1,36.105
C1=CC=C(C=C1)C(=O)C2=CC=CC=C2,43.77
CCCCC(=O)OCCC,25.035
CCC(=O)C,24.2425
CCCCOC(=O)CO,30.43
CCCCCCC(C)Cl,26.15
CCC(C)(C)C(C)(C)C,22.713375
C(CCCCCCCCCC)OC(=O)CCCC,28.652875
C1=CC(=CC(=C1)Cl)[N+](=O)[O-],46.87
CCCCCN(CCCCC)CCCCC,26.02875
C1=CC=C(C=C1)CN,39.18375
C=CCC1=CC=CC=C1,30.37
CCOP(OCC)OCC,23.7425
CCON=C(CCC)CCC,24.50625
C(C(C)C)CN,23.5575
CCC(CC)CCCCC(CC)CC,26.1
CCCCCCC=O,26.59
CCCCC1=CC2=CC=CC=C2C=C1,35.10125
C1(CCCC(=C1)C)C(C)=C,26.42225
CC(C)[N+](=O)[O-],29.5775
CCCCCC(C)C([O-])=O,25.99
C=C(C)C1=CC=CC=C1,32.56
CCCCCCCl,25.9825
CCCCC1=CC=CC=C1,28.97375
CCCC(=O)C1=CC=CS1,36.57925
COC=O,24.755
C(C(C(C(=O)OCC)O)O)(=O)OCC,37.72125
CC1=CC=C(C=C1)N,36.06
CC(C)CCSSCCC(C)C,28.255
BrC=1SC=CC1,36.91
CC(C)CCl,21.92625
O(P(OCCOCC)=O)CCOCC,33.4275
O=C(OC)CC1(CC([O-])=O)CCCCC1,35.3
CCCCCCCCCC#N,29.09375
C(C(C(CCC)CCC)C#N)(=O)OCC,29.885
CCCCC=C,18.21125
C(C#CCOC(CCC)=O)OC(CCC)=O,32.93125
CC(C)CBr,24.57625
CC(C)CC(C)C(C)C,20.6025
O=CC1=CC=C(C(C)C)C=C1,33.807375
C(CCC)#N,27.17875
C1CCC(C1)Cl,30.105
OCCO,47.985
O=C(OCC)C(CC(OCC)=O)OC(CCCCC)=O,29.85
CC1=CN=C(C=C1)C,32.02625
CCCCCCC(C)(C)O,25.623125
C(C(C)C)(=O)OC,23.44625
CC(C1CCCCC1)C,25.74625
C(C(Cl)(Cl)Cl)(Cl)Cl,34.1425
CC(C)(C)OC(=O)N1CCN(CC1)C2=NC=C(S2)C=O,32.16
O=P(OCC(C)C)(OCC(C)C)OCC(C)C,26.2025
CCCCBr,25.8975
ClCC(Cl)CCl,37.05
CCCOC(=O)CCC1=CC=CC=C1,34.015
CC(C)C(OC(CC#N)=O)OC(CC#N)=O,30.66
CCCOC(=O)CC,23.94625
CCCCCCCS,27.05
N(CCCC)CCCC,24.36
CC(C)C(C)C,17.13025
CCCCCCCCOP(O)OCCCCCCCC,28.97
S1C(=CC=C1)C(OC)=O,39.02875
CC1(CCCC1)C,21.495
OCCOC(CCOCCCl)COCC(CCOCCCl)OCCO,43.62
CC=CC(=O)OCCC(C)C,27.25
C1=CC=C(C=C1)Cl,32.99125
CCC(C1=CC=CC=C1)(C)C,29.02
O=C(OC)C(CCC)(CCC)C([O-])=O,29.34
CCCBr,25.5575
CCCCOC=C,21.99
O=C(OC)CC1(CC([O-])=O)CC2CCCCC2C1,35.67
CCOC1CCCCC1O,34.7
CCCCCOP(=O)(CC)OCCCCC,27.76625
CC=O,20.84
CCC(C)I,27.945
S1C(C(=O)CC)=CC=C1,39.2475
CCCCCCCCCC(CC)Cl,28.3225
C(CC)(=O)OCC,23.8
CC(C)CN(CC(C)C)CC(C)C,22.14625
CCO,22.18
CCCCC(C)(CC)O,25.442625
C(CCCCBr)CCCBr,39.57875
CC1=CC(=CC=C1)N,38.12625
CCCCCCCCCBr,29.3475
CC(O)C(C)CC1C(C)(C)CCCC1C,31.045
CC1=CC(C)=CC(=C1)O,28.04
C1CN1,32.8
C(CCCCCCCCCCCC)(=O)OCCC,29.07
CCCCCC(C)O,26.34
CC(C(O)=O)=C,26.5
CCCCCOC(=O)CCOCCC,26.9
C(CCCC)C1=CC=CC=C1,29.21625
[O-]P(OCCOC)OCCOC,37.87
CC(C)C(O)=O,25.065
CCCCCCCCCCCCC#N,30.7
C(C#C)OC(CCCC)=O,29.275
C(CC1CCCCC1)C,26.075
CC1=CCC(CC1)C(C)C,27.16
O=C([O-])C1=CC=CC=C1CCCC,33.67
C1CCC(CC1)I,35.97125
CCCCCCC,19.965
CCCCCCCCCCCCCCCOC=O,30.657
O(C(=O)C(CC)(CC)C(O)=O)CC,30.4975
CCCCCC1=CC=CC=N1,30.735
C(OCCCCCC)(=O)OCC,27.42125
O=C(C1(C(OCCC)=O)CCC1)OCCC,30.67
C(CCC)(C=1C(=CC=CC1)O)C=2C=CC=CC2,37.385
O1C(CCC1)CO,37
CC(C)OS(=O)OC(C)C,26.14
CCCCCC(CCCC)(CCCC)O,27.06575
CCOC(=O)CC=C,25.8825
CCCCCCCCCCCCCOC(=O)CC,29.63625
CCCCC(C)(Cl)CCC,26.22375
CCCCCOC(=O)OCCCCC,27.2625
C1CCC(C(=C1C)CCC(OC(C)=O)C)(C)C,29.235
O(C(=O)C(O)CC(OCC)=O)CC,36.73125
O=C(OC)CC1(CC([O-])=O)CC(C)CCC1,32.94
C(CCCC#N)C#N,45.4475
C(C(CBr)Br)Br,44.82125
O=S(OC)(OC)=S,32.76
C1(CC1)(C(=O)OCCC)C(=O)OCCC,30.74
CCCC(C)(C)Cl,22.66875
CCCCCCCCCO,27.701375
C(C(F)(F)F)(C(F)(F)F)(F)C(F)(F)C(F)(F)C(F)(F)C(F)(F)C(=O)O,15.5
CCC1=CC=CC=C1CC,30.03375
C1=CC=C2C(=C1)C=CC=C2C#N,46.13875
CC1=C(C=C(C=C1)O)C,28.92
CCOC(=O)CCCCC(=O)OCC,32.11625
O=[N+]([O-])OCCCCCCCO[N+]([O-])=O,39.845
CCSC#N,34.5225
O=C(CCC1=CC=CC=C1)CC,36.26625
CCCCOC(C)OCC,23.26
CCCOCCC(=O)OCCC,26.76875
CCC(CCC)=C(C#N)C(OCC)=O,34.37
CC(C)C(C)O,23.2
C(=O)O,37.125
CCOC=C,19
O=C(OCC(C)C)C=CC([O-])=O,28.93
CC(C)C(C)(C)C,18.50925
C1CCCCC1N,31.22
CCCCOC(=O)OCCC,26.69625
C(CCC)CCl,24.67
P(OCCCCCCC)(OCCCCCCC)=O,28.355
CCOC(=O)C=CC1=CC=CC=C1,37.63875
CCCCOCCC#N,29.685
O1C=CC=C1CO,38
FC(F)(F)C(F)(F)C(F)(F)C(F)(F)C(F)(F)C(F)(F)C(F)(F)C(F)(F)F,13.7
CC1=CC=NO1,32.4925
C1=CC=C(C=C1)S(=O)(=O)Cl,42.96875
COC(=O)C(Cl)(Cl)Cl,32.835
CCCOP(=O)(OCCC)OCCC,28.85625
CCCCCCOCCO,27.7
C1=C(C=CC=C1)C(Br)=O,42.3575
P(OCCOCCCC)(OCCOCCCC)OCCOCCCC,29.12625
CC1=CC(=CN=C1)C,33.54875
COC(=O)CC#C,32.625
C(C(O)CC(=O)OCCCCC)(=O)OCCCCC,28.295
C1(CC2=C(O)C(=CC(=C2)C)CC3=CC=CC=C3)=CC=CC=C1,40.615
CCOC(=O)C(CC=C)C(=O)C,30.063375
O=P(OC)OC,36.9875
CCCCN=C=S,30.17125
COC(=O)C=C(C(=O)OC)Cl,37.52
CCCCCCCCCCCCCC,26.134
O=C(OCC1=CC=CC(C(F)(F)F)=C1)C(F)(F)C(F)(F)C(F)(F)F,24.8
[O-]P(OCCOCCCCC)OCCOCCCCC,30.94
C(Br)(Br)Br,44.87
CCCCOC1CCCCC1OCCCC,33.1
S(CCCCCCC)CCCCCCC,29.11625
CCOC(=O)C(CC=C)C(=O)OCC,29.65
CCC(C)(C)O,22.495
C=1C(=CC=C2C1C=CC=C2)CC(=O)OCCCCCC,36.02125
CC1=C(C2=CC=CC=C2C=C1)C,38.9725
O(C(C)=O)CC#C,32.48875
CCCCOC(=O)CCCCC(=O)OCCCC,31.14625
CCOC(=O)C1CC1,28.795
C(C=CCO)O,38.58
C(C)CCCOC(C=CC(OCCCCC)=O)=O,30.3775
C(C(C(F)F)(F)F)O,27.6
CCCCOC(OCCCC)=O,26.955
CCCCCOC,21.655
C1=CN=CN=C1,30.325
C=C(C)CC(C)=O,23
COCCC(=O)OC,30.5375
CCCCC(=O)CC,26.00125
CCCCC(CC)CO[Si](OCC(CC)CCCC)(OCC(CC)CCCC)O[Si](OCC(CC)CCCC)(OCC(CC)CCCC)OCC(CC)CCCC,26.8
O(CCCC)C(=O)C=CC,27.84
N=1C=C(CCC)C=CC1,32.22875
O=C(OCC)C(C#N)=C(CCC)CCC,32.18375
C=1(C(=CC(=CC1)CC=2C=CC=CC2)C=3C=CC=CC3)O,43.77
O=C(N=NC(OCCC)=O)OCCC,32.14
C=CCN=C=S,34.3425
C#CCCCCC([O-])=O,30.04
CC(CC(C)(C)O)O,33.1
C1=CC=NN=C1,47.96
O(C)CC,15.2675
NNC1=CC=CC=C1,44.95
CCC(C)[N+](=O)[O-],29.25875
CCCCCOCC,21.955
CCCC1=CC=NC=C1,31.8275
S(OCC)(=O)(=O)CC,35.78625
C=1C(=CC=C2C1C=CC=C2)C(=O)OCCC,38.38625
CCOC(=O)N=NC(=O)OCC,33.33
O=C(OCC)CCOCCCCCC,27.42625
C1=CC=NC=C1,36.8825
C[Si](C)(C)Cl,17.3225
C=C1CC2CCCCC2C1,28.61
CSC,24.0575
N(C)(C)C,13.4075
C(CCN)O,44.725
O(C(OCCCCCC)=O)CCCCCC,27.84625
O(CCCCCC)CCC#N,30.1275
CCCCC(C)(CCCC)Cl,26.465875
COC(=O)CCCCCC(=O)OC,35.30875
C(C=CC(OC)=O)(OC)=O,37.68
O=C(OCCCCCCOC(C(F)(F)C(F)(F)C(F)(F)F)=O)C(F)(F)C(F)(F)C(F)(F)F,22.2
C(OCCCCC)(=O)OCC,26.79625
CCCCCCCCCC(=O)OCC,27.45875
O=C(C1(C([O-])=O)CC(C)CC1)OC,32.56
CC(=O)C1=CC=CC2=CC=CC=C21,45.885
CCCCCl,23.45875
C(COC(C(=O)OCCC)=O)C,29.94275
CCCCC1=CC=NC=C1,32.13125
CCCCCCCCCCO,27.9145
CCCCCOC(=O)C=CC(=O)O,30.69
C=1C(=CC=C2C1C=CC=C2)CC(=O)OC,43.55125
OCC(OCCCCCC)=O,29.66
CCCCCC(C(=O)OC)C(=O)OC,30.26125
CCCCO,25.162125
FC(C(C(C(F)(F)F)(F)F)(F)F)(OC(C(C(C(F)(F)F)(F)F)(F)F)(F)F)F,13.4
O=C(CCC)C1=C2C=CC=CC2=CC=C1,41.2225
C[Si](C)(C)O[Si](C)(C)O[Si](C)(C)O[Si](C)(C)O[Si](C)(C)O[Si](C)(C)O[Si](C)(C)C,17.61
C1(=CC=C(C=C1)C)CC,28.86625
O(C(=O)C(C(CC)C)C#N)CC,30.585
CCCCCCOP(=O)(CC)OCCCCCC,27.9
CCOC(=O)C1=CC=CC=N1,39.45
BrCCCCBr,40.5625
CCC1=CC=CC=C1C,29.94
C(C(C(C(C(F)(F)F)(F)F)(F)F)(F)F)(F)(F)F,9.655
C=C(C)C,11.5425
S1C(C(=O)CCCCCC)=CC=C1,34.15125
C(CCO[N+](=O)[O-])CCO[N+](=O)[O-],42.7375
FC(COC(CCC)=O)(F)C(F)(F)C(F)(F)C(F)(F)COC(CCC)=O,23.9
C=1(C(=CC(=CC1CC=2C=CC=CC2)CC=3C=CC=CC3)C)O,42.385
COC(=O)C=C,24.23
C1CCC=CC1,26.17125
CCCCCCOCC,21.8925
N(N=C(CC)C)=C(CC)C,26.0925
C=C1CCCC1,24.08625
C1=CC=C2C(=C1)C=CC=C2I,46.8775
O(C(=S)SCC)CCCC,32.6575
CCCC(C)(CC)O,24.6725
CC1=C(C=C(C=C1)Cl)Cl,37.94
CCCCCC(C)(CCCC)O,26.14
C1C=CCCC=CC1,31.46
C1(C(C(C(C(C1(F)F)(F)F)(F)F)(F)F)(F)F)(C(C(C(F)(F)F)(F)F)(F)F)F,17.2
CC(CCOC(=O)C=CC(=O)OCCC(C)C)C,28.6
CCCCCCCCCCCCCCCCC,27.485
CCC(CCC)=NN=C(CC)CCC,26.39125
C=CCN,24.59625
COC(=O)C1CC1,30.48125
CCC(C)(C)CC,19.350625
CCCCCCOC(=O)C=1SC=CC1,32.2425
CC1=C(Cl)C=C(Cl)C=C1Cl,40.84
CCCOC(=O)CO,31.55
CCCCCCN(CCCCCC)N=O,29.854125
C(C(C(C(C(F)F)(F)F)(F)F)(F)F)O,24.5
CC(=O)OCCOC(=O)C,33.01
C(C(C(C(F)(F)F)(F)F)(F)F)(C(F)(F)F)(C(F)(F)F)F,11.92625
C(CCCC)CCF,22.565
CCOC(=O)C(Cl)Cl,32.2825
C(C(C)C)CC#N,26.56375
CCCC(CC)(CCC)O,25.425625
O(CCCCCCCCCCCCCC)C(=O)C,30.04375
CC1=CC(=C(C=C1)N)C,37.100375
O=C(OCCC)C(CC=C)C([O-])=O,29.29
O=C(C1(C([O-])=O)CCC(C)CC1)OCC,31.74
CCCCCC(=O)C,26.3845
O=C(C1C(C([O-])=O)C1(C)C)OCC,30.65
CCCCCC(CCC)(CCCC)Cl,27.44
C=1(C=CC(=CC1)CC=2C(=CC=CC2)Cl)OC(C=3C=CC=CC3)=O,42.56
C1CCCCC1,24.65
CCCC(C)=NO,28.4375
O(C(CC)=O)CC=C,26.07
O=C(OC)C=CC(=O)OC,38.29
CCC1=CC=CC(=C1)C,28.80375
COC(=O)C1(CC1)C(=O)[O-],36.41
O=C(OCC)CCOCCCCCCC,27.375
CCC(C)C(C)CC,20.999875
C(CCCC(=O)OC)C(=O)OC,35.6375
OC(=O)CC1C(C(=CC1)C)(C)C,34.6875
CCCCCOCCCCC,24.57375
CC1CCC(=O)C1,29.47875
C(C(CCC)C)CCC,22.105
CC(O)CCO,37.8
CC(CC(C)(C)C)CC(C)(C)CC(C)(C)C,24.32
CCCOP1OCC(O1)C,28.06
CCCCI,28.50125
CC1CCC=C1,22.38
CC(CCC(C(=O)OCC)C(C)=O)C,27.69625
C1CCC(C1)I,35.9075
CCCCCCCOC(=O)CO,29.4
CC(CCC)=NOCCC,24.63
CCCCO[P+](=O)OCCCC,28.24
CC1=CC(=NO1)C,32.59
CCCCCN(CCCCC)N=O,30.0335
CCCCOCCCC,22.6775
CCCCOC(=O)C#CC1=CC=CC=C1,35.98
S(SC)CCCC,26.23
C[Si](C)(C)O[Si](C)(C)C,15.29075
CCCCCCCC#N,27.8525
CCCN(CCC)C1=CC=CC=C1,32.6775
CCCNC1=CC=CC=C1,34.55375
N#CCCOCCCCCCC,29.19375
CCCCCCCCCCCCC1=CC=CC=C1,31.6
C1CCCC(CC1)Br,34.19625
CCCCCCCCCCCCCCCCCCCCCC,28.97
CCCCCCCCCCCCCCC,26.854375
CC1(CCCCC1OC)O,36.4
CCCCCCC(C)(O)CC,26.336875
O=NNCC1=CC=CC=C1,44.3425
CCCC(C)(C)O,23.13425
CCCC(CCC)(CCC)Cl,26.1675
CCCCC1CCCC1,25.63
O=C(C1(C([O-])=O)CC(C)CC1)OCC,31.12
CC1=CC(=C(C=C1)C)C,29.19875
CCCO[Si](OCCC)(OCCC)OCCC,23.58
CCCCCC(=O)OC,25.59375
O=C(OCC)CC1(CC([O-])=O)CC(C)CC1,30.68
O=C(C1(C([O-])=O)CCCCC1)OC,35.8
CCOC(=O)C1=CC=CC=C1O,38.54625
CC(CCC)=NN=C(C)CCC,26.77
CCCCCCOC(=O)CCOCCCC,27.5425
C(COCCOCCOCCOC)OC,33.4075
C(COCC(=O)OC)CC,27.8725
O=C(OC)CCOCCCCC,28.14625
CC(O)C#N,36.15
O(CCC)C(=O)CC#N,33.6025
CCCC(CCC)=NOCCC,24.96
CCCCCCCCC#N,28.295
CCOP([O-])OCC,30.96
COCCOCCOCC(CC(C(C(C(F)(F)F)(F)F)(F)F)(F)F)O,24.4
O1CCCC1,26.4
C(=O)C=1C(O)=CC=CC1,42.5875
N1=CC=C(C(CC)C)C=C1,34.465
CCCCCCCCC=C,23.54125
CC(CCCCCC)O,26.115375
CCC(CC)C(C)C,20.8225
C1=CC=C(C=C1)CC#N,41.52125
CCCCCCCCC=CCCCCCCCC(=O)O,32.8
CC(Cl)C(=O)[O-],35.29
O=C(OC)CC(CCC)(CCC)CC([O-])=O,30.49
CCCCCCC(C)(CCCC)Cl,27.275
C1CCCCC1O,32.9175
CCCCCOC=C,23.44
O=C(OCCCC)C(CCCCC)C(OCCCC)=O,28.44
O=C(CO)C1=CC=CC=C1,41.94
CCCCCOC(=O)COCCCC,27.205
ClC(Cl)(Cl)Cl,26.43
P(=O)(OCCCC)OCCCC,27.88
CCCCCC1=CN=CC=C1,31.38
CCOC(=O)C=C(Cl)C(=O)OCC,32.92375
O=C(OC)CC1(CC([O-])=O)CC(C)CC1,32.12
N1=CC=C(C=C1)CCCCCCC,31.968125
C=1(C(=C(C=CC1CC=2C=CC=CC2)C)CC=3C=CC=CC3)O,39.3275
CCCCC#C,20.98
O=C(OCC#CCOC(CC)=O)CC,35.89875
CC1=C(C(=CC=C1)C)C,28.57
CCCOP(=O)OCCC,28.795
CC1=CC=CC=C1Br,34.377625
CCCCCCC(C)(CCC)O,26.261875
O=S(OCC(C)C)OCC(C)C,27.1
C1(=CC=CS1)CCCO,36.535
CS(=O)(O)=O,50.27375
O(C(=O)CCCCCCCCC)CCCC,27.8775
C(CI)(=O)OCCC,33.9075
C(CI)CI,47.57125
O=C(OC)CC1(CC([O-])=O)CCC(C)CC1,32.89
CCCCC1=CC=CS1,29.5225
O(C(=O)CCCCCCCCCCC)CCCC,28.72
O(CCCCC)C(=O)C(OCCCCC)=O,29.4475
CC(CCl)Cl,28.63
CC(C)(C)C1=CC=NC=C1,33.34125
CC(C)OC1CCCCC1OC(C)C,33.4
N(O)=CCCC,28.4425
CCCCCCCCC=CCCCCCCCC(OCC(OC(CCCCCCCCCCCCCCC)=O)COC(CCCCCCCC=CCCCCCCCC)=O)=O,26.2695
CCS(Cl)(=O)=O,40.4875
CCCCCCC#N,27.535
CC(C)C=O,20.31
CCC(CCC(CC)(CC)Cl)(CC)Cl,31.565625
CCCC(C)CO,25.13625
S(CCCC)C1=CC=CC=C1,34.255
CCCOC(=O)C(Cl)Cl,30.47125
CCOC(=O)C(C#N)C(C)C,30.24
N1=CC=C(C=C1)CCCCC,32.16375
C(C(=O)C1=CC=CS1)CCCC,34.6125
C=1C=C2C(=CC1)C=CC=C2C(OC)=O,43.82625
N#CCCCCCC#N,44.24
C=1C(=CC=C2C1C=CC=C2)CC(=O)OCCCCC,36.83125
CCCCCCCCCCCO,25.46
CCCCCCCCCC(=O)OC,27.82
C=CCC(=O)O,28.57125
CC(C)COC(=O)C,23.05875
CCCCOC(=O)C(C)C,23.74625
ICCC1=CC=CC=C1,40.44125
CC1CCC(=O)CC1,30.72625
C(CCCCCO[N+](=O)[O-])O[N+](=O)[O-],40.9625
O=C1CC2CCCCC2C1,33.79875
O=C(CCC)CC1=CC=CC=C1,34.66
CC(=CC(=O)C)C,28.4
FC1(F)C(F)(F)C(F)(F)C(C1(F)F)(F)F,10.6525
C(CC#N)(=O)OCC(C)C,30.275
C(C=CC=1C=CC=CC1)(=O)OC,39.545
C1(CCC1)C(=O)OCCCCC,29.1
C(C(C(=O)OCCC)C)(=O)OCCC,28.8625
O=C(CCC)C,23.421625
CC(C)OC=O,21.98125
CCC1=CC2=CC=CC=C2C=C1,36.84875
CC(=NO)C,29.016875
O=C([O-])C(CCCC)Cl,30.22
CCCCCCO,26.00875
C(CCCCCCCCC)CCCCCCCC,27.8715
CCCCCCP(=O)(OCCC)OCCC,27.88125
CCOC(=O)C=CC(=O)OCC,32.59
C[Si](C)(C)O[Si](C)(C)O[Si](C)(C)O[Si](C)(C)O[Si](C)(C)O[Si](C)(C)C,17.42
C#CCC(OCCCC)=O,29.42
C(C)C(C(C)C)C(C)C,22.105
O(C(=O)CCCCCCCC#C)CC,31.71125
C(COCCCC)(=O)OCC,27.16125
CSC1=CC=CC=C1,40.0225
CCCC(C)C(C)C,20.31625
CCC(CCCCCCCC(CC)(CC)Cl)(CC)Cl,32.828875
O=S(OCC)(OCC)=S,30.27
C1=CC=C(C=C1)Br,35.24
CCCCSC#N,30.962
C(C(C(C(F)(F)F)(F)F)(F)F)(C(C(N(C(C(C(C(C(C(F)(F)F)(F)F)(F)F)(F)F)(F)F)(F)F)C(C(C(C(C(C(F)(F)F)(F)F)(F)F)(F)F)(F)F)(F)F)(F)F)(F)F)(F)F,18.3
CC1=CC(=C(C=C1)Cl)Cl,36.5
O(CCCCC)C(=O)CCCCCCCCCCCCCCCCC,28.72125
CC=CC1=CC=CC=C1,34.12
N(N=C(C)C)=C(C)C,26.1275
CCCCON=O,30.9425
C(C1=CC=NC=C1)(=O)OCCCCCC,33.2455
CC(C)CCI,28.311875
O=C(OCC)CC1(CC([O-])=O)CC2CCCCC2C1,33.91
O1[Si](O[Si](O[Si](O[Si](O[Si]1(C)C)(C)C)(C)C)(C)C)(C)C,18.14825
CCC(C)(CC)CC,21.307625
COC1CCCCC1,27.93625
P(OCCCCCCC)(OCCCCCCC)OCCCCCCC,27.95
CCC(CC)(CC)Cl,25.855
OC(CCC)CC,24.29
CCC=NO,29.2925
CC(C)CC(C)O,22.82375
ClC(Cl)(Cl)C(OCCC(C)C)=O,28.09175
COP(=O)(OC)OC,37.195
C(CCO[N+](=O)[O-])CO[N+](=O)[O-],43.50125
CCCCOC(=O)CBr,31.6225
CCCCCCC(O)=O,27.955
CCCCOS(=O)(=O)OCCCC,31.15
CCCCCCCCN,27.73
CC(C)CCOC(=O)C,24.02875
C(CCCCCCC(=O)OCCC)(=O)OCCC,31.64375
CC(C)CC=O,23.435
O=C(OC(COC(=O)CCCCCCCC=CCCCCCCCC)COC(=O)C)C,21.6175
P(OCCCCCC)(OCCCCCC)=O,28.3425
C1CCC(C1)C2CCCC2,32.74
O(CCO)CCO,44.77
C=C(C1=CC=CC(O)=C1)C(OCC)=O,37.67
CCCCCON=O,22.4825
CCC1CCCC1,23.625
CC(C)=NOC,22.5825
CC1CCCC(C1)C,22.63
CCOCCOC(=O)C,31.8
CC(Br)Br,33.0325
CCCCCCCCC1=CC2=CC=CC=C2C=C1,33.48
C(C(C)C)S,23.755
CCCC(=O)CC,25.31125
C1=CC=C(C=C1)CO,35.97
CCN,19.545
CCCCCCOC1=CC=CC=C1,31.009375
CC1CCC(=C)CC1,24.47375
P(OCCOCCCCC)(OCCOCCCCC)OCCOCCCCC,29.40375
C(CCCC)C(C)C,20.03
O(C(=O)C1=CC=NC=C1)C,40.5375
CC1=CC=C(C=C1)C(C)C2=CC=CC=C2C,35.5
O(CCCC)C(=O)C=1C=2C(C=CC1)=CC=CC2,37.96375
CCCCOC(=O)CI,32.8525
CC(=O)OCC=C,26.0625
CC(=O)C1=CC=CC=C1,39.0375
O=C(OC(F)(F)C(F)(F)C(F)(F)C(F)(F)C(F)(F)C(F)(F)F)CC(C)CC(OC(F)(F)C(F)(F)C(F)(F)C(F)(F)C(F)(F)C(F)(F)F)=O,19.9
CC(=O)OC,24.40375
C(CCOCCC)(=O)OCC,27.0925
CCCCCCOCCOCCO,29.6
FC(F)(F)C1(F)C(C(F)(F)F)(F)C(F)(F)C(F)(F)C(F)(F)C1(F)F,15.5
C1=CC(=CC(=C1)F)[N+](=O)[O-],37.88
CCCCCCCOC(=O)C1=CN=CC=C1,33.07
C(C(OCCC)=O)CC(OCCC)=O,30.44875
O=C(OCCCCCC)C1=NC=CC=C1,33.895
CCCCC(=O)OC,25.5
CCCC(C)(C)CCC,21.363625
C(C(N(C(C(C(F)(F)F)(F)F)(F)F)C(C(C(F)(F)F)(F)F)(F)F)(F)F)(C(F)(F)F)(F)F,15.2
CCCCC1=CN=CC=C1,31.6575
CC1=CC(=CC=C1)C,28.47
O=C(OCCCC)C(CC=C)C([O-])=O,28.98
O=S(OCCC(C)C)OCCC(C)C,27.86
O=C(CCC1=CC=CC=C1)CCC,34.58625
OCCOCCOCCOCCOCCCCCC,32.1
O=C(C1(C([O-])=O)CC(C)CCC1)OCC,31.73
CC(=CC1=CC=CC=C1)C,31.86
CCCCN(CCCC)C1=CC=CC=C1,32.065
C1CCCCCCC1,29.5675
C(SC)CCC,25.71
CCCOC(=O)C=CC,27.83
CC(C)(CC(=O)OC)CC(=O)OC,31.42
O=C(C1(C([O-])=O)CCCC1)OC,35.21
CCCCC[N+](=O)[O-],29.0735
C12(C(C(C(C(C1(F)F)(C(F)(F)F)F)(F)F)(F)F)(C(C(C(C2(F)F)(F)F)(F)F)(F)F)F)F,19.2
C1=CC=C2C(=C1)C=CC=C2CC#N,48.69125
CCCCOC(=O)C,24.615
O=C(OCCC)C1=NC=CC=C1,36.737875
C(C1=CC=CC=C1)=C(C)CC,31.8
CCOC(=O)NC,32.48
C(#CC(=O)OC(C)C)C(=O)OC(C)C,30.44
CCCC(CCC(CCC)(CCC)Cl)(CCC)Cl,30.08675
CCC(=O)CC1=CC=CC=C1,36.3075
O=C(OCC)CC1(CC([O-])=O)CC2CCCCC2CC1,34.39
CCCCOC(=O)CCC,24.99375
OC1C(C2CCCC2)CCC1,35.94875
S1C(C(=O)CCCC)=CC=C1,35.4325
CCCC(C)C(C)(C)C,21.194375
C(C(C)C)CCC,19.050625
P(OCCOCCCCCC)(OCCOCCCCCC)=O,30.835
CCCCOC(=O)CC,24.63875
CCC1=CC=CC=N1,31.7225
O(C(=O)C1CCC1)C,30.49125
C(CCI)CCI,45.265
O=C1CC2C(CC1)CCCC2,35.65
CCC(C)C(C)(C)CC,22.554875
CC(C)=NOCCC,23.385
O(CCCCC)C(=O)C=1C=CC=NC1,34.23
CCC(C)(CC)Cl,23.94
CCO[Si](OCC)(OCC)OCC,21.67
CCCCOP1OCC(O1)C,28.32
CCCCS,25.2175
CCCCOC,19.78875
CCOC(=O)C(O)C,28.58125
CC(C(OCCC)=O)=CC([O-])=O,30.91
CCCCCCCCOP(OCCCCCCCC)OCCCCCCCC,28.12375
CCCCCCCCCCCCC,25.550125
CCCCCCCOC(=O)COCCCC,27.55
N1=CC(C=O)=CC=C1,45.9075
CO,22.28375
C1=CC=C(C=C1)[N+](=O)[O-],44.02
CCCCCCCCOC=C,26.32
C=1C=CON1,35.22
O=C(OC(C)CC)C1=CN=CC=C1,34.115
O(CCC(C)C)C(=O)CCC(OCCC(C)C)=O,29.7075
CCOCCOCCO,29.53
O=C([O-])CC(C)CC,22.56
CC(=O)C1=CC=NC=C1,43.69625
C1(=CC=CC=C1)CCC(=O)OCCCC,33.2575
COC(=O)C1(CCC1)C(=O)OC,34.7575
CC(=O)OC=C,23.95
C(C)(C)N,18.505125
COC(=O)C1=CC=CC=N1,43.2075
CCCOC(C)OCCC,22.845
O(CCC)C(=O)CC1=CC=CC=C1,34.03625
C(=O)(OCC)Cl,26.19
CCCCOP(=O)(O)O,27.38
O(CCCCC)C(=O)CCC(OCCCCC)=O,30.06875
S(CCC)C#N,32.47875
COC(=O)CCCCCCCCC=C,29.95
CC1=C(ON=C1C)C,33.2575
CCC(CC)=NOCC,23.78
C(C(C(OCCC)=O)CC)(OCCC)=O,28.7525
C[N+](=O)[O-],36.5275
CCC(C)(CC)C(C)C,23.172125
C(C(C(CC)CC)C#N)(=O)OCC,30.73
CC(CCC1=CC=CC=C1)=O,37.4025
ClCCCCCCCCCl,35.84625
CCCCC(=O)CCC,25.936875
C(C)(=O)OCCC,23.8
C1CCCC(C1)C(F)(F)F,15.2575
C(CCCCC)S,27.25625
C1(C(C(C(C(C1(F)F)(F)F)(F)F)(F)F)(F)F)(C(C(C(C(F)(F)F)(F)F)(F)F)(F)F)F,17.7
CCCCCOC(C1CC1)=O,28.8625
COC(=O)C1=CC=CC=C1,37.17125
N1C=CC=C1,37.06
C=CCO,25.5025
CC1CC(O)CCC1,27.5075
C=1(Cl)SC(=CC1)Cl,37.3275
CCC(C)C(C)C(C)C,22.1015
CCCCCCCO,26.71
COC1CCCC1OC,31.9
C1CCNCC1,29.19375
CCCOC1=CC=CC=C1,31.63
CC(C)CC(O)=O,25.2875
COC(=O)C(C(=O)C(CBr)Br)Cl,29.35
CCCOP(=O)(CCC)OCCC,27.7475
CCCCCCNCCCCCC,27.225375
C(C=CC(=O)OCCC)(OCCC)=O,31.46
ON=CCC(C)C,25.96775
CCCCCCCCCCCCCCCCCC(=O)OCCCC,32.7
C(C(OC)=O)CCCCC,26.4825
CCCC(C)(Cl)CCC,24.985
CCOC(=O)CCC(=O)OCC,31.62875
C1=CC=C2C(=C1)C=CC=C2CCl,45.21
C(C=CC(=O)OCC(C)C)(=O)OCC(C)C,28.365
CCCC(C)CC,19.547625
C(CCCCBr)CCBr,40.01
CCCCCCCCC#C,25.690375
O(C(CC)=O)CC#C,30.94875
O(CC)CC,16.88
C1CCCC(CC1)O,32.94125
CC1=CC=CC2=CC=CC=C12,37.8575
CC(C)C(C)(C)C(C)C,22.214375
C(CC1=CC=CC=N1)C,31.0925
COC(=O)C#CC(=O)OC,37.6075
COS(=O)(=O)OC,38.93
OC(CC(=O)OC)C1=CC=CC=C1,38.668
CCCS(=O)(=O)Cl,37.7275
CCCCOC1=CC=CC=C1,31.208375
CCCCF,17.72
CCCCCOC(=O)CCOC,28.36
C(C(OC)=O)C(C)C,23.98
BrCCCBr,39.33
C1(=CC=CC=C1)OC(C)C,30.5475
P(OCCOCCC)(OCCOCCC)OCCOCCC,28.7425
C1CCCC1,22.2425
CC(CCCCCCCC(C)(C)Cl)(C)Cl,30.555625
CC(CBr)Br,34.21125
CCCCCOS(=O)OCCCCC,28.92
CCCC(C)C(C)CC,22.144125
CCC#N,26.74875
CCCOC(=O)C(C)C,23.03625
O=C(C1(C([O-])=O)CCC1)OCC,31.94
C=CCCC=C,18.615
S(C=1C=CC=CC1)CCCCCC,43.47
CCCCOC(=O)C1=CC=CC=C1C(=O)OCCCC,33.4
O=C(OC)CCOCCCCCC,28.32375
CCC(CC)=NN=C(CC)CC,26.425
CC(CC)=NN=C(CC)C,26.58
C(CC=C)(=O)OCCCCC,26.545
C(C(OCC)=O)CCC,24.39625
CCCOC(=O)C=1SC=CC1,33.83
CCC(=O)OCC(C)C,26.3475
CC1=CC=NC=C1,35.14375
CCCCCCOP1OCC(O1)C,28.39
C#CCCCCCC([O-])=O,29.8
CC1(C2CCC(=C)C1C2)C,26.819875
C(C(=O)OCC)(=O)OCC,31.80125
ClC(Cl)C(OCCCC)=O,29.99
C#CCCCCCCCC(OCCC)=O,31.74
CCCCOC=O,24.7725
C#CCCCCCCCC([O-])=O,29.68
C(CC=C)(=O)OCCC,25.77
C(OCC)(=O)C1=C2C(=CC=C1)C=CC=C2,41.09625
CCOC(=O)C(C(C(C(C(=O)OCC)(F)F)(F)F)(F)F)(F)F,22.7
O=C(OC)CC(CCC)(CC)CC([O-])=O,31.38
CCC(C)(CC)O,23.485
CC1CCCC(O)C1,29.2
FC(C(C(C(S(=O)(=O)O)(F)F)(F)F)(F)F)(OC(C(C(C(F)(F)F)(F)F)(F)F)(F)F)F,18.2
CCCCCCCCC(=O)OCCCCCCC,28.3535
CCCCCC(C)(Cl)CC,26.43
C(CCl)CCl,33.62375
CCCSSCCC,30.28125
C(C(OCCCC)=O)CCCCCC(OCCCC)=O,31.4625
C(CC1=CC=CC=C1)C(OCC)=O,34.7625
C=1C=C(C=CN1)C(CCC)CCC,31.015
OCCOCCOCCOCCCCCC,31
[SiH](Cl)(CC)CC,21.77
C(C=1C=CC=CC1)(=O)OCCCC,33.185
S1C(C(OCCCC)=O)=CC=C1,32.845
CCCCS(=O)(=O)Cl,35.14375
O=C(OCC1=CC=CC=C1)C2=CC=CC=C2,45.67875
CC(OCCCl)OCCCl,36.22
CN(C)N=O,38.05125
O=C(OCCCCCCC)CC1=C2C=CC=CC2=CC=C1,34.98375
C(C)(=O)OC1CCCCC1,30.99375
N(CCCCC)CCCCC,25.9275
CCCCC(C)(C)O,23.9625
CCC(C)Cl,21.5575
C(CCCCCCCCCCCCC)(OC)=O,29.2
C(C1=CC=NC=C1)(=O)OCCCCC,33.70875
CCCC(=NO)CC,28.7
CCCCN(CCCC)CCC#N,28.97875
CCCCCCCOCCCCCCC,26.7775
CCCCCCCC,21.461375
BrCCCCCCBr,40.0525
O=C(OCCCC)CCOCCCCC,27.15875
N(CCC)CCC#N,31.1475
CCS(=O)(=O)O,43.885125
C(C(C)C)CS,25.35
CCCOCCC,20.24125
N(CC)(N=O)C1=CC=CC=C1,40.68
C(CCC)(=O)OCCC,24.81
CC(C(=O)OC)C(=O)OC,33.20875
C1CCC2CC(=O)CCC2C1,36.12
O=C(OC(F)(F)C(F)(F)C(F)(F)C(F)(F)F)CCCCCCCCC(OC(F)(F)C(F)(F)C(F)(F)C(F)(F)F)=O,22.4
CSC#N,37.72375
C#CCC(OCCC)=O,29.88
CCCCCCC(C)(Cl)CC,26.595
CCCC(CCC)(CC)Cl,26.0575
CCCCC(OCCCC)=O,25.46875
CC(C)(C(=O)[O-])C(=O)OC,30.76125
CCCCCCCCCCCCCCCCCCOC(=O)C(C(C(F)(F)F)(F)F)(F)F,25.1
CCCCCOP1OCC(O1)C,28.24
C1=CC=C(C=C1)C#N,38.79125
CC1=CC=CC=C1O,35.39
CC(NC(CC)C)CC,22.45125
CCCOC(=O)CCCCC(=O)OCCC,31.5825
CCC(C)CC(C)(C)C,19.8815
C(C=CC(=O)OCCC(C)C)(=O)OCCC(C)C,28.23
C1COCCO1,33.10125
CCOC(OCC)OCC,23.6
CCCCCCCOC(=O)CCOCCCC,27.97375
CCCCCCNCCC#N,29.69625
C(CCCC)COC,22.965
N(N)(CC)CC,24.61
C=1(C)SC(=CC1)C,30.18
O(CC(C)C)C(=O)CCC(OCC(C)C)=O,28.23625
CCCCCCCCCCCCCCCCC=C,28.255
C(CCNCCCCC)#N,29.31875
C1(CCC1)(C(=O)OCCCC)C(=O)OCCCC,30.04625
CC=NO,31.395
ClC(=O)C1=CC=CC=C1,38.63
C1CCCC(C1)OCC,27.0325
O=C(OC(C)(C)C)C1=CN=CC=C1,33.73
BrCC(OCCC)=O,31.435
CCCCCCCCCCCCCCC(=O)OC,29.58675
CC(CCOC(=O)CCC1=CC=CC=C1)C,31.534
COC1CCCCC1O,37.7
CCC(C)=C,15.94
CC(C)S,21.6175
O(C(=S)SCCC)CCC,32.615
C1(=CC=CC=C1)CC(C)C,27.22875
CC(C)OC(C)OC(C)C,20.97
O=C(OC)CC(C)(CC)CC([O-])=O,32.04
CCCCC1=CC=CC=N1,30.7725
ClC(Cl)C(Cl)Cl,35.58
CCCN,22.06125
C1=CSC=C1,31.01
CCCCC(C)(C)CC,21.36375
CC1=CC=C(C=C1)Cl,32.4975
CC(C)COC(=O)C(C)C,28.0625
CC(C=CC1=CC=CC=C1)C,31.4
C(CNCC)C#N,32.59125
O=C(OCC(CC)CCCC)CC(CC(OCC(CC)CCCC)=O)C(OCC(CC)CCCC)=O,29.6
CCCOC(=O)CC(C)C,23.9
C(C)(OC)OC,21.29125
C1(C(CC)C)=CC=CC=C1,28.27625
C(=CCl)Cl,25
CCCCN(CCCC)N=O,30.14125
O=C(CCCC)C,25.725
C[Si](C)(C)O[Si](C)(C)O[Si](C)(C)O[Si](C)(C)C,16.2
CCC1=CC=C(C=C1)CC,28.7425
CC(=C)C#N,24.4
BrCCBr,39.55
N(CCC)(CCC)CCC#N,28.77875
CCC1(CCCCC1OC)O,36.1
CC1=C(C(CCC1)(C)C)C=CC(=O)C,33.46
CCC(=O)CC,25.00125
CC1=CC=CC=C1Cl,32.44
CCNC1=CC=CC=C1,36.5925
O1N=CC(=C1C)C,32.265
CCCOS(=O)(=O)OCCC,32.03
CC(CCCCCCCCC(C)(C)Cl)(C)Cl,30.9725
CCCCCOC(=O)C=1SC=CC1,32.305
C(C=CCC=CCCCCCCCC(=O)OCC(COC(CCCCCCCC=CCC=CCCCCC)=O)OC(CCCCCCCC=CCC=CCCCCC)=O)CCCC,20.13325
CCCCCCCCCCCCCCCl,30.36
CCCCCCCBr,28.4225
O(CCC(C)C)C(=O)CCCCC(OCCC(C)C)=O,29.89
CCP(=O)(OC)OC,36.3125
CCCCOC(C)OC(C)OC(C(C(C(C(F)(F)F)(F)F)(F)F)(F)F)(C(O)(F)F)F,33.2
CCC(C)C(C)(C)C,19.99625
O(C(=O)C=CC(OCCCCC)=O)CCCCC,30.81
S(C1=CC=CC=C1)C2=CC=CC=C2,41.755
O=C(OCCC)C(CCCCC)C(OCCC)=O,28.69
C(CC1CCCC1)C,24.705625
C(C=1C=CC(=CC1)C)C=2C=CC(=CC2)C,35.98825
C(=O)(C=1C=CC=C2C1C=CC=C2)CCCCC,38.35625
CCC(C)CC,17.875
CCCCCO,25.5725
CC1CCC(C1)O,28.065
BrCCCCCCCCCBr,39.29125
C=1C(=CC=C2C1C=CC=C2)CC(=O)OCCCCCCC,35.49
CCCCOCCOCCOCCCC,27
O=C(OCC)OCC,26.155
C(C(CCCCC)=O)CCCC,27.36
OC(CCC=1C(CCCC1C)(C)C)C,31.245
COC(=O)C1=CC=CC=C1O,39.5075
CCCCCCCCCC(CC)O,28.35875
CCBr,23.91125
O(CCCC)C(=O)C1=CC=NC=C1,34.5345
CCC(C)CC(C)CC,21.134875
CCCCC,15.772375
S(C(C)(C)C)C,23.22125
O=C([O-])C(CCC)I,34.44
C=1C=CSC1C#N,45.7625
O(CCCCC)C(OCCCCC)C,25.67
CCC(CC)CO,24.32
C1=CC=C(C=C1)C=O,37.9975
C1=CC=C(C=C1)COC2=CC=CC=C2Cl,41.905
C(CCCCCCCCCCC)(OC)=O,29.13825
CCOCOCC,20.46625
CCCCCCCCCCCCOCCOCCO,30.6
O=C(C#CC(OCCCC)=O)OCCCC,31.495
OC1C(OCCC)CCCC1,34.7
CCCCCCOC(=O)C1=CC=CC2=CC=CC=C21,36.37125
CCCCOCOCCCC,24.34875
O=[N+]([O-])OCCCCCCCCCO[N+]([O-])=O,38.58
O=C(OC)C(CCC)(CC)C([O-])=O,30.53
CCOC1CCCCC1OCC,33.9
CC(C)CCC(=O)O,26.6
O(C(=O)CCCCCCCCC)CCC,27.63
CCCC(=O)OCC,23.93875
C(CCCCCCCCCCCCCC(OCC)=O)C,30.7125
CCCCCCCCCCCCCCCCCCCCCCCCCC,29.89
CCCCCC,18.1425
CCCCCCCOC(=O)C=1SC=CC1,31.50875
CC(C)CC1CCCC1,24.51125
CCCCCI,29.1275
C1=CC=C(C=C1)COCC2=CC=CC=C2,38.2
ClC(Cl)=C(Cl)Cl,31.3
O=C(OCCCCCCC)CCOCCCCC,28.1425
CCCCCCCCOP(=O)(CC)OCCCCCCCC,28.77375
CCOC(=O)C,23.38875
C(OCCC)(=O)OCCC,26.65625
C(CCCCCCCC#C)(=O)OC,32.83875
CNC1=CC=CC=C1,37.13775
CCCCCOC(=O)CCOCCCC,27.1975
C(C(C(F)(F)F)(F)F)(C(F)(F)F)(C(F)(F)F)F,10.24375
CCI,28.4575
CCSCC,24.8425
C(OC(C(=O)OCCC(C)C)=O)CC(C)C,27.8875
CC(CCC)=NOCC,23.56
CCCCCCCCCCC(C)O,28.9125
C1(=CC=CS1)CCCCO,36.00375
CC(O)C,21.13875
B(OC(C)C)(OC(C)C)OC(C)C,19.02
CCCCCCCCC,22.671625
CC(C)CCSCCC(C)C,25.765
CCCC(CC)C(C)C,22.1025
O(C(=O)CC(=CC(OCC)=O)C(OCC)=O)CC,34.0475
CCCCCCF,21.15875
CCN(CCC#N)CC,29.94
CCCCCCCCCC(=O)OCCCCCC,28.51875
C[Si](C)(C)O[Si](C)(C)O[Si](C)(C)O[Si](C)(C)O[Si](C)(C)O[Si](C)(C)O[Si](C)(C)O[Si](C)(C)C,18.03
P(OCCCCC)(OCCCCC)=O,28.105
OC1C(OCC)CCC1,35
O(CCC)CCC#N,29.56875
C(C1=CC=CC=C1)OCC,32.18
CC=1C=CC=NC1,34.75375
C(C=CC)(=O)OCCCC,27.3625
CNC,26.56375
CCC(C)Br,24.86125
CCCCCCOC(=O)CCOC,28.54125
CC=C(C)C,17.395625
OCCC1=CC=CS1,39.995
C1CCC(CC1)OC2CCCCC2OC3CCCCC3,36.5
O=C(OCC)CC(C)(C)CC([O-])=O,29.65
S(CC)C,24.7375
ClC,15.375
CC1=CC=C(C=C1)C(C)C,28.1
CCCC1=CC=CC2=CC=CC=C12,36.4675
CCOC(=O)CC(=O)OCC,31.5075
C=CCC,11.8825
C1(C(C(C(C(C1(F)F)(C(F)(F)F)F)(F)F)(C(F)(F)F)F)(F)F)(C(F)(F)F)F,17.2
O1[Si](O[Si](O[Si](O[Si]1(C)C)(C)C)(C)C)(C)C,18.16375
CC(C)CCC(C)(C)C,19.8115
CCC(CC)(CC)CC,23.059375
C(C#CCOC(CCCCCC)=O)OC(CCCCCC)=O,31.05
CC(C)CI,27.775
C#CCC([O-])=O,35
C1(C(CCCC1)C)C,23.5675
COC(=O)C(=CC1=CC=CC=C1)Br,44.255
CCCCCC(C)(C)O,25.00125
CCOC(=O)C1=CC=CS1,36.67875
CCCC(C)(CC)CC,22.5375
CCC(C)(C)Cl,22.14
CC(C)C1=CC=CC=C1,27.9425
C1CCC2=CC=CC=C2C1,33.4025
C1=CC=C2C(=C1)C=CC=C2F,37.94125
CCCCOC(=O)CC(C)C,24.455
CCCCCCC(=O)CC,27.195
C(C(C(=O)OCC)CBr)(=O)OCC,30.341
CCCC(O)=O,26.28
C=CC1=CC=CC=C1,32
CI,30.335
CCCOC(=O)C=CC(=O)O,31.01
CC=CC1=CC=C(C=C1)OC,34.91625
CCCCCN,24.94625
O=C(C#CC(OCCC)=O)OCCC,31.9425
CC(C)C1CCCC1,24.135625
CCC=CC,17.14
FS(=O)(=O)C1=CC=CC=C1,37.1025
CC(SC(C)(C)CCC)(C)CCC,23.54
CCCCCCCCCOC(=O)CCCCCC,28.4375
CC(C)CCCC(C)CCCC(C)CCCC(C)C,26.24
CN(C1=CC=CC=C1)N=O,44.5375
C[Si](C)(Br)C1=CC=CC=C1,28.4775
CCC1=CC=NC=C1,33.44625
CC(C)C=C,14.10125
C1(C(C(C(C(C1(F)F)(F)F)(C(F)(F)F)F)(F)F)(F)F)(C(F)(F)F)F,16.3
CCCCCCCCCCCCCC(=O)OCC,29.52625
C1(=CC=CC=C1)CCl,37.17625
CCCCCC(C)(CCC)O,25.934625
O=C(OCCC)C(CCC)C(OCCC)=O,28.68
CCCCCCCCCCCCCCCCCCCCCCCCCCCC,29.71
C(OCCCCCC)(=O)CC1=C2C=CC=CC2=CC=C1,35.585
C=CCCCCCCCCCCCCCCCCCC,28.6875
CC(C)SSC(C)C,28.1325
CCC(C)CCO,25.12325
CCCCCCCCCCl,28.1
CC(CCC1C(=CCCC1(C)C)C)OC(C)=O,29.1325
C=CC#N,26.9675
CCCCCCCCCCCCOCCOCCOCCOCCO,31.7
CCCCCCCCCCCCOCCOCCOCCOCCOCCO,32
CC1=CC=CC=C1C#N,37.57
O=C(OCCCCC)CCOCCCCCCC,28.1425
ClCCl,27.2
CC[SiH](CC)CC,20.32
CC(C)CCNCCC(C)C,23.853125
CCC=CC1=CC=CC=C1,32.01
CCOC(=O)C(C)C(=O)OCC,29.68375
CCOC(=O)C(C)(Br)C(=O)OCC,30.77
CCCCC(CC)COC(=O)CCCCC(=O)OCC(CC)CCCC,30.2
N(C1=CC=CC=C1)=C=S,40.2875
C(CCCCCCCCCC)CCCCCCCC,28.378375
CCCC(C)(CCC)O,24.925
CC(C)(CC(C)(C)C)C,19.913625
CCCOC(=O)CCCCCCCCC(=O)OCCC,32.14875
[Si](C)(C)(Br)Br,24.5725
CCCC(C)CC(C)C,20.65375
CC(=CC(=NO)C)C,30.84
CCCCOC(=O)N=NC(=O)OCCCC,31.36
C(=O)OCCC,23.9725
CCCCCCCOC(=O)C1=CC=CC2=CC=CC=C21,35.67
O=C(OCCC)C#CC1=CC=CC=C1,36.81625
C(C1=CC=C(C=C1)CC2=CC=C(C=C2)C(C)C)(C)C,32.66575
CCCCCCCCCCCC,24.919625
O(CCCC)C(OCCCC)OCCCC,25.62
CC(C1=CC=CC=C1)=CCC(C)C,31.38
CCCOCC,19.5425
C(CC1=CC=CS1)C,29.42875
CCCCCC(C)CC,22.105
CC1CCC(CC1)C,22.77
CC(C)(C)O,20.185
ICI,66.1775
CC1=CC=CS1,30.51
O(CC)C(=O)C(C)=CC([O-])=O,31.54
COCCOP(=O)(O)O,36.61
CC(C)CSSCC(C)C,27.7525
CCCCC(C)CC,21.0675
CCOC(=O)CC1=CC=CC2=CC=CC=C21,40.82875
CCCC(=O)OCCC(C)C,24.7525
CCCCCOP(=O)(O)O,26.87
CCCCOCC(=O)OCCCC,26.92375
C(C(C(=O)OCCCC)CCC)(=O)OCCCC,28.1775
CC1=CON=C1C,35.48625
CCC(C)O,22.54
C1(=C(C(=O)OCCCCC)C=CC=C1)C(=O)OCCCCC,30.7125
CCCCCCCOC(=O)CCOCC,28.04625
S=C(SCCCC)OCCCC,31.662125
CCC(CC)CO[Si](OCC(CC)CC)(OCC(CC)CC)O[Si](OCC(CC)CC)(OCC(CC)CC)OCC(CC)CC,26.1
CCCCCCCC#C,24.763375
FC1(C(F)(F)F)C(C(F)(F)F)(F)C(F)(F)C(C(F)(F)F)(F)C(F)(F)C1(F)F,17.3
S(CC)C(=S)OCC,33.72
CC(C)(C)S,20.24
CC(C)COC=O,23.6175
CCCCCCOC(=O)CCOCCC,27.13125
CCCCCC=C,20.0525
C1=CC=C(C=C1)N,42.11875
CCCCCSCCCCC,27.58
BrCBr,39.05
C(C(C(OCCCC)=O)C)(OCCCC)=O,28.58375
CCOC(=O)C1=CC=CC=C1C(=O)OCC,36.30125
CC1=CC=C(C=C1)F,27.94375
CCC(C)CO,25.1
CC(C)COC(=O)OCC(C)C,25.08
NN(CCCC)CCCC,25.94
CCCCC(C)(O)CCCC,26.44825
C(=O)(C=1C=CC=C2C1C=CC=C2)CCCC,39.11125
CCCCCOC1=CC=CC=C1,31.48625
CC1CCCC(C1)(C)C,23.27125
CCCCOC(=O)CCOCCC,26.5825
O=C(OCCCCCC)CCOCCCCCCC,28.5125
N(C1CCCCC1)C2CCCCC2,33.49875
C(=O)(OC)OC,28.91625
CCCCCOP([O-])OCCCCC,28.51
C1(CC)=CC=CC=C1,29.0175
CCCCCCCCCCCCCCCCCC=C,28.3875
CCOCCO,28.57375
CCOC(=O)CN(CC(=O)OCC)CC(=O)OCC,34.67
CO[P+](=O)OC,37.58
C(C(OC)=O)=CC,28.025
CCOC(=O)CC#C,30.14125
C(C(OCC)=O)=CC,26.645
C(CC1=CC=CC=C1)(C)=O,37.72
OC(CO)COCC=C,33.3
CCCCCCC(C)C=O,21.44
O=C(OCCCCCCC)CCOCCCCCCC,28.60375
C1=CC(=C(C=C1Cl)Cl)[N+](=O)[O-],42.77
CC1=CC(=CC=C1)C2=CC=CC(=C2)C,39
O=CC1=CC=NC=C1,48.0125
O=C(OCC)C(CC(OCC)=O)OC(CCCCCCC)=O,29.7
CCCCOC(=O)C=CC(=O)OCCCC,30.50375
COCCC#N,35.5825
CCCOC(OCCC)OCCC,24.8
CC1=NOC=C1,34.82625
CC(C)CC(C)C,17.905625
CCCCCOC(=O)C1=CC=CC2=CC=CC=C21,36.97875
C1=CC=C(C=C1)I,38.71125
C(CCCC)CCI,30.171875
O=C(OCCCC)C(F)(F)C(F)(F)C(F)(F)C(F)(F)C(OCCCC)=O,22.2
COC(=O)CCCC(=O)OC,35.91625
CC(CC)=NOCC,23.4775
CCCCCCCCCCCCl,29.07375
O(CCC(C)C)C(=O)C=CC,26.7825
CCCCCCCC(O)=O,27.5
CCCCCCCCC(CCC)O,27.59
CCCC(C)(CC)Cl,24.6
CCCCCC(CC)(CCCC)O,26.8005
C(=O)(OCC)CC#N,36.345
C(C(CCCC)C)(C)C,21.695375
O(C(=O)C(CCCCC)C(OCC)=O)CC,28.31875
C(SC1=CC=CC=C1)CCCC,33.92
C1COCCS1,41.7975
CCCOC(=O)CCCCCCCCC=C,29.49
O=C(OCCC)CCOCCCCCC,27.39
C(CCCCCCCCCC)(=O)OCCCCC,28.408
CC(C1=CC=CC=C1)=CCC,32.25
O(CCCCCC)P(OCCCCCC)OCCCCCC,27.33875
CCOC(=O)CC(=O)C,32.14125
C=1(C=CC=CN1)C(=O)OCCCCC,34.40375
FC(C(F)(C(F)(C(F)(C(F)(C(F)(C(O[K])=O)F)F)F)F)C(F)(F)F)(F)F,19.5
C(C(C)C1CCCCC1)C,27.2225
O=C([O-])C(Cl)(CCCC)Cl,30.49
COCCO,30.84
CC(C)CCC(C)=O,25.57
C1=CC=C(C(=C1)O)Cl,39.7
CCOC(CCCCCCC(OCC)=O)=O,32.35375
CC(C)C1=CC=CC=C1CC2=CC=CC=C2C(C)C,33.5
O=C(OCC)CC1(CC([O-])=O)CCCCC1,32.98
C(COC(=O)CCCCCCC)(COC(=O)CCCCCCC)OC(=O)CCCCCCC,28.948
CCCCCCON=O,23.60625
O=CC(Cl)(Cl)Cl,24.6675
C[Si](C)(C)C1=CC=CC=C1,24.48875
FC1(C(F)(F)F)C(F)(F)C(F)(F)C(C(C(F)(F)F)(F)C(F)(F)F)(F)C(F)(F)C1(F)F,17.5
CCCCOC(=O)CC#N,31.805
C1=CC=C(C=C1)CC2=CC(=C(C=C2)O)Cl,43.9475
CCCC(CCCCCC)(C)Cl,26.7075
C1CCNC1,29.23
O(CCCCCCCCCC)C(=O)CCCCC,28.825875
CCNCC,20.13625
CCCCCCCC1=CC2=CC=CC=C2C=C1,33.64375
CCC(CCCCC(CC)(CC)Cl)(CC)Cl,32.39625
C1(CCCC1)=O,32.8
O=C(OC)C(Br)=CC1=CC=CC=C1,43.48
O=C(CC1=C2C(=CC=C1)C=CC=C2)OCCCC,37.38375
CCCCOC(OCCCC)C,24.2075
CCCCCCC(C)(C)Cl,25.61
CCCCCCCCCCCC=C,25.80125
C(C(OCC)=O)CCC(OCC)=O,32.0675
CC(Cl)C,19.42625
CCN(CC)N=O,32.81375
P(OCCOCCCCCC)(OCCOCCCCCC)OCCOCCCCCC,29.6975
C1CCC(CC1)Cl,31.11875
C1=CC=C(OP(OC2=CC=CC=C2)OC3=CC=CC=C3)C=C1,26.92
C(=C(Cl)Cl)Cl,28.8
CCCCCCCCCCCCCCCCCC#N,31.5
ClC(CCl)Cl,34.02125
FC(F)(C(Cl)(Cl)Cl)C(Cl)(Cl)Cl,32.6
O(C(=O)CCOC)CC,29.00375
CCOC(=O)C1=CN=CC=C1,37.52
CCCOC(=O)CCl,30.2025
O=C(OCCCCCCOC(C(F)(F)C(F)(F)C(F)(F)C(F)(F)C(F)(F)C(F)(F)C(F)(F)F)=O)C(F)(F)C(F)(F)C(F)(F)C(F)(F)C(F)(F)C(F)(F)C(F)(F)F,20.6
CCCCCCI,29.72325
CC=C1CCCCC1,24.7
C(CCOC=O)CCC,26.37
C(C(C(C(C(F)(F)F)(F)F)(F)F)(F)F)(C(C(F)(F)F)(F)F)(F)F,12.985
CCC(CC)C(CC)CC,22.8425
N=1C=C(CCCCCC)C=CC1,30.90375
CC(C)(C)C1=CC=CC=C1,27.88375
CCCCN(CCCC)CCCC,24.39125
CCCC(C)C(C)CCC,22.75875
CCCC(CC)CC,21.335
CCCS(=O)CCC,32.6
C1=CC=CC=C1,28.22125
O=C(OCC)C(CC(OCC)=O)OC(CCCCCC)=O,29.84
C1=CC=C2C(=C1)C=CC=C2Br,44.0425
C1(CCCCCCCCCCCCCC1)C,31.97
ICCCCCCCCI,42.99
CCC(C)C,14.71625
P(OCCOCC)(OCCOCC)OCCOCC,30.38125
CCCSCCC,26.03125
O=C(OCCCCCC)CCOCCCCCC,28.1525
ICCCCCCCCCI,42.26375
COP(OC)OC,27.18
C(OCCC)OCCC,23.02375
C(C(=O)C1=CC=CC=C1)C,37.1025
C(CCCCl)CCCl,35.70125
C1CCC1(C(OCC)=O)C(OCC)=O,31.27625
CCCCCCCC(=O)C,26.1925
CCCCOC(=O)CCCCCCCCC=C,29.61
CCCC,11.855
CC1(CCCCC1)C,23.8875
C1CCC(CC1)Br,33.61875
C(OC(C(OC(=O)C1=CC=CC=C1)C)=O)C,35.355
CC(C(=O)C)C(=O)OC,35.74125
CCC(C)=NO,29.335
CCCCCCC(CC=CCCCCCCCC(=O)OCC(C)C)O,31.54
N#CC=1C=CC(=CC1)C,37.04
COC1CCCCC1OC,34.2
C(Br)(Br)C(Br)Br,48.7125
CC1=NC(=CC=C1)C,31.33125
CS,23.85
C1=CC(=CC=C1F)F,27
P(=O)(OCC)OCC,30.4425
O(CCCC)C(OCC)=O,26.395
C(C(C)(C)N)C,19.911
CCOC(=O)C1=CC2=CC=CC=C2C=C1,41.365
CC(C)OP(=O)(OC(C)C)OC(C)C,27.765
CC1=CCC2CC1C2(C)C,26.1
CCC(C)CCC(C)C,20.65375
CCOCCBr,29.43875
CCCCCCCN,24.1815
C1=CC=CC(=C1C(=O)OC2=CC=CC=C2)O,42.76
CCCCCCCOC(=O)CCOCCC,27.6825
O(CCCCC)C(=O)CCCCC(OCCCCC)=O,31.03125
CC(C)CCBr,25.860125
CCC=CCC,17.64
C(C=CC)(=O)OCCC,27.305
CCCCCCCCO,27.10125
CCCCCCOC(=O)C1=CN=CC=C1,33.49
CC[Si](CC)(CC)CC,22.79175
CCOCCC(=O)OCC,27.595
C=CC=CC1=CC=CC=C1,36.21
O=C(OC(F)(F)C(F)(F)C(F)(F)C(F)(F)F)CC(C)CC(OC(F)(F)C(F)(F)C(F)(F)C(F)(F)F)=O,20.5
O(C(C)C)C(C)=O,21.76
ON=C(C=C(C)C)C,30.397
C(C1=CC=NC=C1)(=O)OCCCCCCC,33.36
O=C(OCCCCCOC(C(F)(F)C(F)(F)C(F)(F)F)=O)C(F)(F)C(F)(F)C(F)(F)F,20.6
O=C1CC2C(C)(C)C1(C=C2)C(O)=O,35.12
CC(C(OCC)=O)(C(C)=O)C,29.08
O(CCCCCCC)C(=O)CCOC,28.65625
CC(C)SC1=CC=CC=C1,33.19625
CCCCCCCCCCCCCCCCCCBr,32.01
C(CCC=1C=2C(C=CC1)=CC=CC2)CCCC,34.385
