SMILES,logBCF
CC(C)C1CCC(OP(=O)(OC2CCC(C(C)C)CC2)OC2CCC(C(C)C)CC2)CC1,1.456159775
CCCCOC(=O)C1CCCCC1C(=O)OCCCC,2.2322756
CCOC(=O)CCN(SN(C)C(=O)OC1CCCC2C1OC(C)(C)C2)C(C)C,1.95
CC(C)(C)C1CC(CO)CC(C(C)(C)C)C1O,1.52
CC1=C(C(=O)NC2CCCCC2)SCCO1,1.11
ClC1CCC2C(CCC3CCCCC32)C1,3.63
ClC1CC(Cl)CC(Cl)C1,3.05
ClC1CCC(OC2CC(Cl)C(Cl)CC2Cl)CC1,4.110000025
O=S(=O)(O)C1CCC2C(CCC3NN(-C4CCC(N=NC5CCC(C=CC6CCC(-N7NC8CC(S(=O)(=O)O)C9CCCCC9C8N7)CC6S(=O)(=O)O)C(S(=O)(=O)O)C5)CC4)NC32)C1,0.52
CCCCSP(=O)(SCCCC)SCCCC,3.48
NC1CCC(Cl)CC1[N+](=O)[O-],1.05838135
COP(=S)(OC)SCC(=O)N(C)C=O,-1.16
CCCCN(CCCC)CCCC,1.2522425
CCCN(CCC)C1C([N+](=O)[O-])CC(S(N)(=O)=O)CC1[N+](=O)[O-],1.8774173
CC1C=CC2CC1C2(C)C,2.61
OC1CCC(Br)CC1,1.205
CCOP(=S)(OCC)OC1CC(C)NC(N(CC)CC)N1,3.48
CC12CC1(C)C(=O)N(C1CC(Cl)CC(Cl)C1)C2=O,1.67
CNC(=O)OC1CC(C)C(N(C)C)C(C)C1,1.41998
CC1CCCCC1Cl,1.8761635
CC1(C(=O)NC2CCC(O)C(Cl)C2Cl)CCCCC1,2.2
CC1COC(CN2CNCN2)(C2CCC(OC3CCC(Cl)CC3)CC2Cl)O1,2.5
C1CCC2C(C1)NC1CCCCC1S2,2.6353217
CBr,1.88
O=C(O)C(F)(F)OC(F)(F)C(F)(F)OC(F)(F)C(F)(F)OC(F)(F)C(F)(F)C(F)(F)C(F)(F)F,2.5302
CCCCCCCCCC[N+](C)(C)CCCCCCCCCC.[Cl-],2.26
FC(F)(F)C(F)(F)C(F)(F)C(F)(F)C1(F)OC(F)(F)C(F)(F)C1(F)F,3.235
C=CC1CCCCC1CC,2.67
COC1CC(Cl)C(OC)CC1Cl,2.22
O=P(O)(C(F)(F)C(F)(F)C(F)(F)C(F)(F)C(F)(F)C(F)(F)F)C(F)(F)C(F)(F)C(F)(F)C(F)(F)C(F)(F)C(F)(F)C(F)(F)C(F)(F)C(F)(F)C(F)(F)F,8.52
CNC1NC(NC(C)C)NC(SC)N1,1.32
C=C(C)C1CCCCC1,1.885
NC1C(Cl)C(Cl)C(Cl)C(Cl)C1Cl,2.825
CC(S)CC(=O)OCC(COC(=O)CC(C)S)(COC(=O)CC(C)S)COC(=O)CC(C)S,2.23
C=C(C)C1CC2C(CCC3C2OC2COC4CC(OC)C(OC)CC4C2C3=O)O1,1.40501
O=S(=O)([O-])C1CC(NC2NC(NC3CCCCC3)NC(N3CCOCC3)N2)CCC1C=CC1CCC(NC2NC(NC3CCCCC3)NC(N3CCOCC3)N2)CC1S(=O)(=O)[O-],0.86
O=[N+]([O-])C1CC(C(F)(F)F)C(Cl)C([N+](=O)[O-])C1NC1NCC(C(F)(F)F)CC1Cl,3.01
CC1(C)CC(N)CC(C)(CN)C1,0.2651
CCC1CCC(CCC(=O)O)C1,0.88
CCCCCCCCC=CCCCCCCCC(=O)OCC(COC(=O)CCCCCCCC=CCCCCCCCC)OC(=O)CCCCCCCC=CCCCCCCCC,2.54
BrC1CC(Br)C(OC2CC(Br)CC(Br)C2Br)C(Br)C1,3.06
CCCCCCCCCCCCCCCC=CCC(CC(=O)O)C(=O)O,0.3
OC1C(Cl)CC(Cl)CC1Cl,1.903137925
BrC1CC(Br)CC(-C2CC(Br)CC(Br)C2)C1,1.26007
CC1CCC(N)C(C)C1,0.82
CN1CC(C(=O)NC2CCCC3C2C2CCC3C2=C(Cl)Cl)C(C(F)F)N1,2.57001
ClC1CC2C(C(Cl)C1Cl)OC1C(CC(Cl)C(Cl)C1Cl)O2,3.92
CC(C)C1CCC(C(C)C)CC1,3.365
CC1CCC(-C2C(Cl)NC(C#N)N2S(=O)(=O)N(C)C)CC1,2.46
O=C1CN2CCC1CC2,0.77
CNC1CCCCC1C,0.895
CCC(C)C1CC(C(C)(C)C)CC(-N2NC3CCCCC3N2)C1O,4.04
COCC1CNC(C2=NC(C)(C(C)C)C(=O)N2)C(C(=O)O)C1,-1
O=S1(=O)CCCC1,0.615
O=C1N(CCO)C(=O)N(CCO)C(=O)N1CCO,-0.05
CCOP(=O)(NC(C)C)OC1CCC(SC)C(C)C1,2.04
O=S(=O)([O-])C1CC2CC(S(=O)(=O)O)CCC2CC1O,0.05
O=C(O)C(F)(F)C(F)(F)C(F)(F)OC(F)(F)F,0.51851
ClC1CC(-C2CC(Cl)C(Cl)C(Cl)C2)CC(Cl)C1Cl,5.97
CC(C)(C)C1CC([N+](=O)[O-])CC([N+](=O)[O-])C1O,2.28
ClC1=CC2(Cl)C(Cl)C(Cl)C1(Cl)C2(Cl)Cl,4.05
ClC=C(Cl)Cl,1.13857215
COC1C(Cl)CC(Cl)C(Cl)C1Cl,3.34
CC(C(=O)O)N(C(=O)C1CCCCC1)C1CCC(F)C(Cl)C1,1.85
CCCCOCCOC(=O)COC1NC(Cl)C(Cl)CC1Cl,0.72016
ClC1C(Cl)C(Cl)C2C(C1Cl)OC1C(Cl)C(Cl)C(Cl)C(Cl)C1O2,3.03
CC(C)(C)O,0.456495
O=C(O)C(O)(C1CCCCC1)C1CCCCC1,0.02
BrC1CCC2[NH]CCC2C1,1.15014
CCC[N+](CCC)(CCC)CCC.[Br-],-0.52288
CC1CC(C)C(O)C(C(C)(C)C)C1,2.355005
CC(=O)NC1CCC(N)CC1,0.36
CCCCCCCCCCCCCCCCCCNC(=O)C(O)C(O)C(O)C(O)CO,2.945
CCOCN(C(=O)CCl)C1C(C)CCCC1CC,1.3
CC1CCCC2C1CCC1CCCCC12,3.180000025
CC1CC(-C2CCC(N=NC3C(S(=O)(=O)[O-])CC4C(C3N)C(=O)C(=NNC3CCCCC3)C(S(=O)(=O)[O-])=C4)C(C)C2)CCC1N=NC1CCC(N)CC1N.[Na].[Na],1.34005
CC1CC(Br)CCC1Br,2.67
NC1NC(N)NC(NC2CC2)N1,0
CCCC1CCC(C2CCC(C(F)(F)OC3CC(F)C(F)C(F)C3)CC2)CC1,1.279945
O=C1C2CCCCC2C(=O)C2C(Cl)CCCC21,2.3852978
CCNC1NC(Cl)NC(NC(C)(C)C)N1,0.84
O=C1C2(Cl)C3(Cl)C4(Cl)C(Cl)(Cl)C5(Cl)C3(Cl)C1(Cl)C5(Cl)C24Cl,3.585
C1CC[N+]2C(C1)-C1CCCC[N+]1CC2,0.6
CC(C)(C)C1CCC(O)C([N+](=O)[O-])C1,1.759985
C1CCCCC1,1.393180975
OCC(F)(F)C(F)(F)C(F)(F)C(F)(F)C(F)(F)C(F)F,1.350025
O=C1C2CCCCC2C(=O)C2C(O)CCCC21,2.335944475
CSC(C)=NOC(=O)N(C)SN(C)C(=O)ON=C(C)SC,0.8
CC(C)(C)CC(C)(C)C1CCC(OC(F)(F)C(F)F)CC1,3.92
COP(=O)(OC)OC=C(Cl)Cl,-0.2272425
COC(C)(C)C,0.179490003
O=C1C2CC(F)CCC2NC(-N2CNCN2)N1-C1CCC(Cl)CC1Cl,1.94
CCCCC(CC)COC(=O)CCC1CC(C(C)(C)C)C(O)C(C(C)(C)C)C1,1.76
COP(=S)(OC)SCN1C(=O)C2CCCCC2C1=O,0.405
O=[N+]([O-])C1CCC(OC2C(Cl)CC(Cl)CC2Cl)CC1,3.305
ClC1CCCC(-C2CCCCC2)C1Cl,3.85
CN(C)C1CCC(C(=N)C2CCC(N(C)C)CC2)CC1,0.97
ClC1CCC(Cl)C(-C2C(Cl)CCC(Cl)C2Cl)C1,4.78
O=[N+]([O-])C1CCCC(S(=O)(=O)[O-])C1,0.47
NC(=O)N=NC(N)=O,1.18
CC(C)OC(=O)C(C(=O)OC(C)C)=C1SCCS1,1.56
BrC1C(Br)C(Br)C(-C2C(Br)C(Br)C(Br)C(Br)C2Br)C(Br)C1Br,0.664431713
CCCCOCN(C(=O)CCl)C1C(CC)CCCC1CC,0.38
ClC1CCC(Cl)C(Cl)C1Cl,3.72425305
O=S(=O)(O)C(F)(F)C(F)(F)OC(F)(F)C(F)(F)C(F)(F)C(F)(F)C(F)(F)C(F)(F)Cl,2.85
ClCCOCCCl,0.62
CCC1CCC2C(C1)C(=O)C1CCCCC1C2=O,1.595
O=S(=O)([O-])C1CCC(O)C2CCCCC12,0.94
CN(C)C1CCC(CC2CCC(N(C)C)CC2)CC1,2.74
CC(=O)OC1CCC(C(C)(C)CC(C)(C)C)CC1C1C(=O)OC2CCC(C(C)(C)CC(C)(C)C)CC21,1.574975
CCOP(=S)(OCC)OC1CCC2C(C)C(Cl)C(=O)OC2C1,2.73
ClC1CCC(Cl)C2CCCCC12,3.75
COC(=O)C1CC(C(=O)OC)CC(S(=O)(=O)O)C1,-0.02
O=C(O)CNCP(=O)(O)O,0.75501
OC1CCCC(Br)C1,1.1
COP(=S)(OC1CC(Cl)C(Br)CC1Cl)C1CCCCC1,3.78
CC(C)(C)C(=O)O,0.23
N#CC1NN(-C2C(Cl)CC(C(F)(F)F)CC2Cl)C(N)C1S(=O)C(F)(F)F,2.51
O=[N+]([O-])C1CCCC(S(=O)(=O)O)C1,0.699999995
C1CCC2NC3CCCCC3CC2C1,2.327500025
O=C(NC1CCC(Cl)CC1)NC1CCC(Cl)C(Cl)C1,1.985
C=CC1CCC(C)CC1,1.49998
O=C(O)C1[NH]N(-C2CCC(S(=O)(=O)O)CC2)C(=O)C1N=NC1CCC(S(=O)(=O)O)CC1,-0.03
CCNP(=S)(OCC)OC1CCCCC1C(=O)OC(C)C,2.38
C1CCC2CC3CCCCC3CC2C1,3.26
O=C(NC(=O)C1C(F)CCCC1F)NC1CC(Cl)C(OC(F)(F)C(F)F)C(Cl)C1,3.67
CCOC1CC(OC2CCC(C(F)(F)F)CC2Cl)CCC1[N+](=O)[O-],3.21
C1CCC(-C2CCCC3CCCCC23)CC1,3.51
ClC1CCC(Cl)C(-C2C(Cl)CCC(Cl)C2Cl)C1Cl,5.325
O=C1[NH]CNC2C1NCN2C1CC(O)C(COP(=O)([O-])OP(=O)([O-])[O-])O1,1.01
OC1CCC(Cl)C(Cl)C1,1.75
CC1C(Br)C(Br)C(Br)C(Br)C1Br,2.445
COP(=S)(OC)OC1CCC([N+](=O)[O-])CC1,1.89
CCOC(N)=O,0.54016
FC(F)(F)N=C1SC(=NC2CCCCC2)N(C2CCCCC2)C1=NC(F)(F)F,4
ClC1CCC(-C2CCC(Cl)CC2Cl)CC1,4.329999975
CC1CCC(S(=O)(=O)OC2CCC(N=NC3CCC(-C4CCC(NN=C5C(=O)C=CC6CC(S(=O)(=O)[O-])CC(S(=O)(=O)[O-])C65)C(C)C4)CC3C)CC2)CC1,1.8
CC1CCCCC1,1.8246533
C=CCONC(CCC)=C1C(=O)CC(C)(C)C(C(=O)OC)C1=O,0.65
CCCCOC(=O)C(C)OC1CCC(OC2CCC(C(F)(F)F)CN2)CC1,2.82
OC1C(Cl)CCCC1Cl,1.17
CC(C)C(C)C(C)(C)C1CCC(OC(F)(F)C(F)F)CC1,3.71
NC1CC(Cl)C(Cl)CC1Cl,2.33260845
ClC1CCC(Cl)C(-C2CCCC(Cl)C2Cl)C1,4.785
NC(=O)C1C(Cl)CCCC1Cl,1.15
ClC1CC(-C2C(Cl)CCC(Cl)C2Cl)C(Cl)C(Cl)C1Cl,5.74
O=S(=O)(C1CCC(O)CC1)C1CCC(O)CC1,-0.439485
CCOC1OC2CCC(OS(C)(=O)=O)CC2C1(C)C,2.16
COC(F)(F)C(F)(F)C(F)(F)F,1.46
CNC(=O)C(C)SCCSP(=O)(OC)OC,1.88
CCCCCCCCCCCCCCC,1.380552525
C1CCC2C(C1)CCC1NC3C(CCC4CCCCC43)CC12,2.029845925
CCCCCCCCCCCCCCOS(=O)(=O)[O-].[H+],1.03981
CCN(CC)C1CCC2C(C1)OC1CC(N(CC)CC)CCC1C21OC(=O)C2CCCCC21,0.709995
CC1CC(Cl)CCC1O,1.241547725
ClCC(Cl)(Cl)Cl,1.07
O=C(NCC1NCC(C(F)(F)F)CC1Cl)C1C(Cl)CCCC1Cl,2.08
CC1CC([N+](=O)[O-])C(N(CCCl)CCCl)C([N+](=O)[O-])C1,1.62003
NC1CCC(OC2C(Cl)CC(Cl)CC2Cl)CC1,1.951060625
BrC1CCC(Br)CC1,2.26122505
C=CC1CCNCC1,1.894288375
O=P(OC1CCCCC1)(OC1CCCCC1)OC1CCCCC1,2.38
CCCCCCOC(=O)C1CCCCC1C(=O)OCCCCCC,3.24
N#CC(=C1CCCCC1)C1CCCCC1,2.5
NC1CCC(N)CC1,1.74
CCCC1CC(=O)[NH]C(=S)[NH]1,0.84494
BrC1C(Br)C(Br)C(Br)C(Br)C1Br,3.005
CCCCCCCCCCCC(=O)O,2.4
CCOP(=S)(OCC)SCSP(=S)(OCC)OCC,2.77
CC(COC1CCC(OC2CCCCC2)CC1)OC1CCCCN1,3.139891075
CC(C)C1CCC2C(C1)CCC1C(C)(C(=O)O)CCCC21C,2.19
NC1CCC(-C2CCC(N)C(Cl)C2)CC1Cl,2.262302525
CC(C)(C)C1CCC(C(=O)O)CC1,0.5
C1CCOC1,0.52
CCCCN(CC)C1C([N+](=O)[O-])CC(C(F)(F)F)CC1[N+](=O)[O-],3.2
O=[N+]([O-])C1CCC(Cl)C(Cl)C1,1.786750175
CCCC1CCC(-C2CCC(-C3CCC(CC)CC3)CC2F)CC1,1.92999
CC(O)COCC(C)O,0.505215882
ClC1CC(Cl)C2C(OC3C(Cl)CC(Cl)C(Cl)C32)C1Cl,2.96
N#CC1C(Cl)C(Cl)C(Cl)C(C#N)C1Cl,1.387717175
ClC1CC(Cl)C(Cl)C(Cl)C1,3.355
COP(=S)(OC)SCSC1CCC(Cl)CC1,3
ClC1C(Cl)C(Cl)C2C(Cl)C(Cl)C(Cl)C(Cl)C2C1Cl,2.58
ClC1CC(Cl)C2C(C1)OC1C(Cl)CC(Cl)CC1O2,3.56
CC1C(Cl)CCCC1[N+](=O)[O-],1.98999
ClCCCl,0.3
CC(C)=CC1C(C(=O)OCC2COC(CC3CCCCC3)C2)C1(C)C,3.325
CC=CC(C)CC(C)CC(C)C,3.25
CC(C)C1(C)N=C(C2NC3CCCCC3CC2C(=O)O)NC1=O,-0.41
CC1CCC(C)C(CC2CCCCC2)C1,3.23
COC1CC(OC2CCC(Cl)CC2Cl)CCC1[N+](=O)[O-],3.59
CCOC(=O)C(O)(C1CCC(Cl)CC1)C1CCC(Cl)CC1,2.71443395
CC1CCC(N)CC1C,0.726240488
ClC(Cl)=C(Cl)C1C(Cl)C(Cl)C(Cl)C(Cl)C1Cl,4.125
CN(C)C(=O)NC1CCCCC1,0.78
CC1CC(Cl)CCC1OCC(=O)O,0.005
CCC(C)C1CCCCC1O,1.49
CCCC1CCC(-C2CC(F)C(C(F)(F)OC3CC(F)C(F)C(F)C3)C(F)C2)CC1,1.810015
C1CCC2CC(NC3CCC(NC4CCC5CCCCC5C4)CC3)CCC2C1,3.28
NC(N)=S,0.05
ClC1CCC2C(OC3C(Cl)C(Cl)C(Cl)C(Cl)C32)C1Cl,2.78
CC1CC(C)C(O)C(C)C1,0.894811528
CC(C)C1CCC2C(C(C)C)CC(S(=O)(=O)[O-])CC2C1,0.41
ClC1CC2C(OC3C(Cl)C(Cl)C(Cl)CC32)C(Cl)C1Cl,3.98
C1CCC2C(C1)OC1CCCCC1O2,3.85
O=C1CCCN[NH]1,1.935
NC1CCCC2CCCCC12,1.456363025
NC1CCC(C=CC2CCC(N)CC2S(=O)(=O)O)C(S(=O)(=O)O)C1,0.28
COC1CCCC2CCCCC12,2.2834493
C1CCsC1,0.79
ClC1CCC(-C2CCC(Cl)C(Cl)C2Cl)CC1Cl,4.28
OC1C(Cl)C(Cl)C(Cl)C(Cl)C1Cl,2.61
CCOP(=S)(OC1CCC(Cl)CC1Cl)C1CCCCC1,4.21
FC(F)(F)C1CCCC(C(F)(F)F)C1,2.53
FC(F)(Br)C(F)(F)Br,1.56
CCCCN(CCO)CCCC,1.15
CCN(CCO)CCO,0.54
CCCCCCCCCCCCCCCCOS(=O)(=O)O.[Na+],1.85998
OCCC(F)(F)C(F)(F)C(F)(F)C(F)(F)F,1.56998
O=C1C2CCCCC2C(=O)N1SC(Cl)(Cl)Cl,1.75
CC(C)(C)C1CC2C(C(C(C)(C)C)C1)OP(=O)([O-])OC1C(CC(C(C)(C)C)CC1C(C)(C)C)C2,0.24
CC1CCC(C2OC3COC(C4CCC(C)C(C)C4)OC3C(C(O)CO)O2)CC1C,1.22997
CCN(CC)C1NC(C)CC(OP(=S)(OC)OC)N1,2.87
CC[N+](CC)(CC)CC.O=S(=O)([O-])C(F)(F)C(F)(F)C(F)(F)C(F)(F)C(F)(F)C(F)(F)C(F)(F)C(F)(F)F,2.93
CC(C)N(C(=O)COC1NNC(C(F)(F)F)s1)C1CCC(F)CC1,1.85
CC1CCCC(C(C)C)C1,2.758002825
C1CC2CCCC3C4CCCC5CCCC(C(C1)C23)C54,2.380000025
CCCCC(CC)CN(CC(CC)CCCC)C(=O)C(C)NC(=O)NC1CCCC(-C2NN3NC(C(C)(C)C)C(Cl)C3[NH]2)C1,1.81
CC1OC(C)OC(C)O1,0.28
CC1CCC(C)C(N)C1,0.516712603
CC(C)CC1CC(C)CCC1C,3.37
O=S(=O)(O)C(F)(F)C(F)(F)OC(F)(F)C(F)(F)C(F)(F)C(F)(F)C(F)(F)C(F)(F)C(F)(F)C(F)(F)Cl,0.4
CNC(=O)N(C)C1NNC(C(C)(C)C)s1,0.415
COC(=O)C1CCCCC1S(=O)(=O)NC(=O)N(C)C1NC(C)NC(OC)N1,-1.1
COP1(=S)OCC2CCCCC2O1,1.5175
CC1CCC(S(=O)(=O)OC2CCC(N=NC3CCC(-C4CCC(N=NC5C(O)CCC6CC(S(=O)(=O)O)CC(S(=O)(=O)O)C56)C(C)C4)CC3C)CC2)CC1,1.85
ClC1CCC(Cl)C(-C2CC(Cl)CC(Cl)C2Cl)C1,5.27
CCCOC(=O)NCCCN(C)C,1.73
O=C(OC1CCCCC1)C1CCCCC1O,2.88
CC(C)(C)CC(C)(C)C1CCC(O)CC1,2.465
OCC(F)(F)C(F)(F)C(F)(F)CO,0.13033
NS(=O)(=O)C(F)(F)C(F)(F)C(F)(F)C(F)(F)C(F)(F)C(F)(F)C(F)(F)C(F)(F)F,2.69984
ClC1CC2C(OC3CC(Cl)C(Cl)C(Cl)C32)C(Cl)C1Cl,3.94
CNC(=O)OC1CCCC(N=CN(C)C)C1,0
C1CCC2NCCCC2C1,0.449046685
ClC1CCC(Cl)C(-C2C(Cl)CCCC2Cl)C1,4.46
O=C(O)C1CCC(Br)CC1,1.250015
ClC1CCC(-C2CC(Cl)C(Cl)CC2Cl)CC1Cl,4.38
CCCN(CCC)C(=O)SCC1CCCCC1,2.845
OC=P(CO)(CO)CO,1.97
CC1CCC(S(=O)(=O)[O-])C(C)C1.[Na+],0.35984
CC(COCC(C)OC(C)COCC(C)OC(C)CO)OCC(O)COCC(C)OCC(C)OC(C)COCC(C)OC(C)CO,0.6
O=[N+]([O-])C1CCC(Cl)CC1C(F)(F)F,1.945
NC1CCCC(S(=O)(=O)C2CCCC(N)C2)C1,0.345225
CC1CCCC2sC3NNCN3C12,0.49
O=[N+]([O-])C1CCCC(O)C1,1.40001
CC1CCCCC1S(=O)(=O)O,-0.17
C1CN2CCN1CC2,0.73
CCNC1NC(Cl)NC(NC(C)(C)C#N)N1,2.2
C[NH+](C)C1C(=O)C(C(N)=O)C(=O)C2(O)C([O-])=C3C(=O)C4C(O)CCCC4C(C)(O)C3C(O)C12,-0.43
CCOC(C)=O,1.48
CC(C)(C)C(=O)C(OC1CCC(Cl)CC1)N1CNCN1,1.81
COC(=O)C1CCCC(C)C1S(=O)(=O)NC(=O)NC1NC(OCC(F)(F)F)NC(N(C)C)N1,0.11
O=C1CC(Cl)[NH]NC1-C1CCCCC1,0.3
COC1NC(C)NC(NC(=O)NS(=O)(=O)C2CCCCC2OCCCl)N1,0.111280838
OC1CCC(Cl)CC1,1.415
BC(Cl)(Cl)C(Br)OP(=O)(OC)OC,0.92993
CCC1CCC(CC)CC1,2.7159088
O=S(=O)(O)C(F)(F)C(F)(F)C(F)(F)C(F)(F)C(F)(F)C(F)(F)C(F)(F)C(F)(F)F,2.43297
C=CC1CCC(C2CCC(C3CCC(C)CC3)CC2)CC1,2.08
NC1C(Cl)C(Cl)CC(Cl)C1Cl,2.65
COC(=O)NS(=O)(=O)C1CCC(N)CC1,-0.12
CCC[N+](CCC)(CCC)CCC,-0.04
CCOP(=S)(OCC)SCCS(=O)CC,0
O=[N+]([O-])N1CN([N+](=O)[O-])CN([N+](=O)[O-])C1,0.3
NC1CCC2CCCCC2C1S(=O)(=O)O,0.53
CC(=O)C(N=NC1CCC(-C2CCC(N=NC(C(C)=O)C(=O)NC3CCCCC3C)C(Cl)C2)CC1Cl)C(=O)NC1CCCCC1C,0.48996
ClC1CCCCC1-C1C(Cl)C(Cl)C(Cl)C(Cl)C1Cl,3.865
CN(C)C1CCC(C(=O)C2CCC(N(C)C)CC2)CC1,1.550334775
CC1CC(C)C(=O)C(C(O)CC2CC(=O)NC(=O)C2)C1,0.205
CC1CCCC(C)C1,1.175
ClC1CCC(Cl)C(Cl)C1,3.36
COC(C)(C)CCCC(C)CC=CC(C)=CC(=O)OC(C)C,2.66
NC1CCC(O)CC1,1.62
OCC1CCC(Cl)C(Cl)C1,0.486943158
C#CCOC1CCC(CCNC(=O)C(OCC#C)C2CCC(Cl)CC2)CC1OC,1.68
CCCCCC1CCC(C2CCC(OCC)C(F)C2F)CC1,2.07
OC(C1CCC(Cl)CC1)(C1CCC(Cl)CC1)C(Cl)(Cl)Cl,3.779307025
CCC(=O)NC1CC(N(CCOC(C)=O)CCOC(C)=O)CCC1N=NC1CCC([N+](=O)[O-])CC1Cl,0.729671765
CC1C=CCC(C)(C)C1,2.869999984
CCCCN(CCCC)SN(C)C(=O)OC1CCCC2C1OC(C)(C)C2,3
CCCCCCCCC,3.150000025
ClC1CCC(-C2CCC(Cl)C(Cl)C2)C(Cl)C1,4.56
CC(C)C1CCCC(C(C)C)C1,3.22
C#CCOS(=O)OC1CCCCC1OC1CCC(C(C)(C)C)CC1,4.145
CCCC(C)CC(C)C,3.32
C1CCC(COCC2CCCCC2)CC1,2.49190245
CC1C(C(=O)C2CNN(C)C2O)CCC(S(C)(=O)=O)C1C1=NOCC1,-0.52
COC1CNC(OC)N2NC(NS(=O)(=O)C3C(OCC(F)F)CCCC3C(F)(F)F)NC12,2
COC1C(Br)CC(Br)CC1Br,2.52999
CCCCCCCCCC1CCCCC1OC1CCCCC1CCCCCCCCC,1.97
CCNC1CCC(C)CC1,0.52
CN1CCCCC1,0.505
OCCC(F)(F)C(F)(F)C(F)(F)C(F)(F)C(F)(F)C(F)(F)C(F)(F)C(F)(F)F,2.855
C1CCC(-C2CCCC(-C3CCCCC3)C2)CC1,1.33
COP(=S)(OC)OC1CC(Cl)C(I)CC1Cl,3.62223
C1=CC2C3C=CC(C3)C2C1,2.3880026
CC(C)C1CC2CCCC(C(C)C)C2CC1S(=O)(=O)O,0.6
NNC(N)=S,0.86007
ClC1CCC(-C2CC(Cl)C(Cl)C(Cl)C2Cl)C(Cl)C1,5.88
CCCCCCCC(C)C(C)(C)C,3.339999984
COP(=S)(OC)OC1C(Cl)CC(C)CC1Cl,2.7675
NC1CCCC(N(CCO)CCO)C1,0.08
CCOC1CC(C(C)(C)C)CCC1C1COC(C2C(F)CCCC2F)=N1,3.46
CSC1CCC(O)CC1,0.87987
COCN(COC)C1NC(N(COC)COC)NC(N(COC)COC)N1,0.315
OC1C(Cl)CC(Cl)C(Cl)C1CC1C(O)C(Cl)CC(Cl)C1Cl,2.11066605
S=C(S)NCCNC(=S)S,0.9
O=C1C(C2CC(C3CCC(OCC4CCC(C(F)(F)F)CC4)CC3)CC3CCCCC32)C(O)OC2CCCCC12,3.3
CC1CCC2C(CCC3CCCCC32)C1,3.48
BrC1CC(Br)CC(Br)CC(Br)CC(Br)CC(Br)C1,4.26
CC1CCC2CCC3CCCC4CCC1C2C34,2.73
CC(C)CCCCCCCO,2.51
CCCCCCCCOC1CCC(C(=O)C2CCCCC2)C(O)C1,2.01
CC1CCC([N+](=O)[O-])CC1,0.908251383
CC1CCC(Cl)CC1Cl,2.92
CCOC(=O)C1CN2NC(OP(=S)(OCC)OCC)CC2NC1C,2.56
CCCCC(CC)COC(=O)C1CCCCC1C(=O)OCC(CC)CCCC,2.38
CNC(=O)OC1CCCC2C1OC(C)(C)C2,1.08
CNC1CCCC(C)C1,0.84409917
BrC1CCC(Br)C(Br)C1Br,3.180000025
CC1CC2CCCCC2CC1C,2.71
S=C(NC1CCCCC1)NC1CCCCC1,0.650457593
OC1C(Br)C(Br)C(Br)C(Br)C1Br,1.04497
C1CCC(-C2CC3CCCCC3[NH]2)CC1,2.465
CC1CCC(C)C(C)C1C,2.819999975
CCOC(=O)NC1CCCC(OC(=O)NC2CCCCC2)C1,2.2
NS(=O)(=O)C1CCCCC1,0.52
O=C(OCCCOC(=O)C1CCC([N+](=O)[O-])CC1)C1CCC([N+](=O)[O-])CC1,0.39
COC1CCCC(C(=O)NN(C(=O)C2CC(C)CC(C)C2)C(C)(C)C)C1C,1.04
CC1CC2C(CC1NC1CCCCC1)C1(OC(=O)C3CCCCC31)C1CCC(N(C)C3CCCCC3)CC1O2,3.47
O=P(O)(C(F)(F)C(F)(F)C(F)(F)C(F)(F)C(F)(F)C(F)(F)F)C(F)(F)C(F)(F)C(F)(F)C(F)(F)C(F)(F)C(F)(F)F,5.12
CC1CCCCC1CN,0.528742393
CCCCCCCCCCCCCCCCCCNC(=O)N1CC1,1.49497
C=CC1CCC(C=C)CC1,2.48
NC1CCCCC1[N+](=O)[O-],0.845
CC(C)(OOC(C)(C)C1CCCCC1)C1CCCCC1,2.75
OC1CCCCC1Br,1.51361425
OC1CC(Cl)CC(Cl)C1,1.91394605
CN(C)C(=O)NC1CCC(OC2CCC(Cl)CC2)CC1,2.02
CCOP(=S)(OCC)OC1CC(-C2CCCCC2)ON1,2.7125
COC1CC(Cl)C(Cl)C(Cl)C1O,2.07
CNC(=O)ON=C(SC)C(=O)N(C)C,0.300772503
NC1C(N=NC2CCC(S(=O)(=O)CCOS(=O)(=O)[O-])CC2)C(S(=O)(=O)[O-])CC2CC(S(=O)(=O)[O-])C(N=NC3CCC(S(=O)(=O)CCOS(=O)(=O)[O-])CC3)C(O)C12.[Na+].[Na+].[Na+].[Na+],0.79
ClC1CCC(Cl)C(-C2CCC(Cl)C(Cl)C2)C1,4.955
CN(C)CCCNC(N)=O,0.36
C1CC[N+]2(C1)CCCC2,1.85
NNS(=O)(=O)C1CCC(OC2CCC(S(=O)(=O)NN)CC2)CC1,-0.27144
CC1CC(O)C(C(C)(C)C)CC1SC1CC(C(C)(C)C)C(O)CC1C,0.82
CC1CC(C(C)(C)C2CCC(O)C(C)C2)CCC1O,2.45332
CC1CCC(C)CC1,1.175
CCC(C)C1CCCCC1OC(=O)NC,0.935
O=C(NC1CCCCC1)NC1CNNs1,0.79
C=CC1CCC(C2CCC(C3CCCCC3)CC2)CC1,2.08001
CCC1C(Br)C(Br)C(Br)C(Br)C1Br,2.52
CC(C1CCCCC1)(C1CCC(O)CC1)C1CCC(O)CC1,2.64836
ClC1CCC(-C2CC(Cl)C(Cl)CC2Cl)CC1,4.6
CC(=O)C1C(O)CC(C)OC1=O,2.120005
O=C(O)C1CCCCC1,0.9975
CCOC(=O)CC(SP(=S)(OC)OC)C(=O)OCC,1.26
NC1NCN[NH]1,0.1425
CCCCC(CC)COC(=O)CC(C(=O)OCC(CC)CCCC)S(=O)(=O)O,0.46
ClC1CC(Cl)C(Cl)C(-C2C(Cl)CCC(Cl)C2Cl)C1,5.54
N#CSCSC1NC2CCCCC2s1,2.07
CC1C([N+](=O)[O-])C(C)C([N+](=O)[O-])C(C(C)(C)C)C1[N+](=O)[O-],3.660339425
BrC1CCCC(Br)C1,2.792037825
CC(CC(C)(C)C)CC(C)(C)CC(C)(C)C,2.14570895
CNC(=O)OC1CCCC2CCCCC12,1.47
O=C1C(=C2NC3CCCCC3C2=O)NC2CCCCC21,0.442139127
O=C(O)C1CC1C(=O)NC1CCC(Cl)CC1Cl,-0.4
COC1CC(Cl)CC(Cl)C1Cl,3.0805201
CC1C(Cl)CCCC1Cl,2.77
NC1C(S(=O)(=O)[O-])CC(NC2CCCC(S(=O)(=O)CCOS(=O)(=O)[O-])C2)C2C1C(=O)C1CCCCC1C2=O.[Na+].[Na+],0.07918
CCN(CC)CCCNC1NC(NCCCN(CC)CC)NC(NC2CCC3C(O)C(N=NC4CCC5[NH]C(=O)[NH]C5C4)C(S(=O)(=O)O)CC3C2)N1,1.52
C=C(CC(C)(C)C1CCC(O)CC1)C1CCC(O)CC1,1.59024115
COC(=O)C1sCCC1S(=O)(=O)NC(=O)NC1NC(C)NC(OC)N1,-0.100412504
CCOP(=O)(OC1CCC([N+](=O)[O-])CC1)C1CCCCC1,0.724835
CCCCCCCCC1CCCCC1NC1CCCCC1CCCCCCCC,1.27
O=[N+]([O-])C1CCC(Cl)C(Cl)C1Cl,2.19
ClC1CC(Cl)CC(C2(CC(Cl)(Cl)Cl)CO2)C1,3.7
CC1CCC(OP(=O)(OC2CCCCC2)OC2CCCCC2)CC1,2.515
O=S(=O)(O)C1CCCC2CC(CC3CCC4C(S(=O)(=O)O)CCCC4C3)CCC12,1
CCCCCCCCCC1CCC(OCCOCCOCCOCCOCCOCCOS(=O)(=O)O)CC1,2.18
COC(F)(C(F)(F)C(F)(F)F)C(F)(C(F)(F)F)C(F)(F)F,3.41
CC12CCC(C(=CC3CCCCC3)C1=O)C2(C)C,2.460023534
NC(=O)C1C(Cl)C(Cl)C(Cl)C(Cl)C1C(=O)O,0.365
COCC1CNC(C2=NC(=O)C(C)(C(C)C)N2)C(C(=O)O)C1,-1
CC1(C)C(C(=O)OC(C#N)C2CCCC(OC3CCCCC3)C2)C1C(Br)C(Br)(Br)Br,3.08
FC(F)(F)C(Cl)Cl,1.25507
COC(=O)NC1CCCC(OC(=O)NC2CCCC(C)C2)C1,2.22
CCCCCCCOC(=O)C1CCCCC1C(=O)OCCCCCCC,0.88
NCC1CCC(C(=O)O)CC1,0.760275
CC1C(F)C(F)C(COC(=O)C2C(C=C(Cl)C(F)(F)F)C2(C)C)C(F)C1F,3.47428035
ClC1CCC(-C2CCCC(Cl)C2Cl)CC1,4.47
S=C1[NH]C2CCCCC2[NH]1,0.40498
CC1CC(S(=O)(=O)O)C(N=NC2C(O)C(C(=O)O)CC3CCCCC23)CC1Cl.[Sr+2],0.59988
CC=CC(=O)C1C(C)C=CCC1(C)C,2.14
COC1CC(C)C(C(=O)C2C(OC)CCC(Br)C2C)C(OC)C1OC,2.72
COP(=S)(OC)OC1CCCCC1,1.889985
N#CC1sC2C(=O)C3CCCCC3C(=O)C=2sC1C#N,1.43
O=S(=O)([O-])C(F)(F)C(F)(F)C(F)(F)C(F)(F)F.[K+],0.54407
CC1CC(N=NC2C(O)CCC3CCCCC23)C(S(=O)(=O)O)CC1Cl,1.07
ClC1CC2OC3CC(Cl)C(Cl)CC3C2CC1Cl,3.72417775
CC1CCCC(CC2CCCCC2)C1CC1CCCCC1,4
O=C(CC1CCCCC1)NC(=NOCC1CC1)C1C(C(F)(F)F)CCC(F)C1F,2.7213169
NC1CC(S(=O)(=O)O)CC2CC(S(=O)(=O)[O-])CC(O)C12,0.13
CNC1CCC(C(=O)O)CC1,0.07
CCCN(CCC)C(=O)SCC,1.780015
CCOP(=S)(OCC)SCCSCC,2.45
ClC1=C(Cl)C2(Cl)CC1(Cl)C(Cl)=C2Cl,3.809045
ClC(C1CCCCC1)(C1CCCCC1)C1CCCCC1,2.625874025
ClC1C(Cl)C(Cl)C2C(C1Cl)OC1CCCCC1O2,3.4875
ClC1CC2C(OC3C(Cl)C(Cl)CCC32)C(Cl)C1Cl,3.57
CN(C)S(=O)(=O)N(SC(F)(Cl)Cl)C1CCCCC1,2.45
COC1CCC(C(O)(C2CNCNC2)C2CC2)CC1,0.92
CC1[NH]N(-C2CCCCC2)C(=O)C1N=NC1CCC(-C2CCC(N=NC3C(C)[NH]N(-C4CCCCC4)C3=O)C(Cl)C2)CC1Cl,0.48
COC1CC(OC)NC(NC(=O)NS(=O)(=O)N(C)S(C)(=O)=O)N1,0.69
CC(=O)C1C(=O)C=C(C)OC1=O,2.12
OCCC(F)(F)C(F)(F)C(F)(F)C(F)(F)C(F)(F)C(F)(F)F,1.759985
CC1NN(C)C(OC2CCCCC2)C1C=NOCC1CCC(C(=O)OC(C)(C)C)CC1,3.2
OCC1CCCC(Cl)C1,1.3240713
O=C(O)C(F)(F)C(F)(F)C(F)(F)C(F)(F)C(F)(F)C(F)(F)C(F)(F)C(F)(F)C(F)(F)C(F)(F)C(F)(F)C(F)(F)F,4.34
CC1=CC2CC1C(C(=O)O)C2C(=O)O,0.74
CC1C2CCCCC2CC2CCCCC12,2.72
CCCCOC1CCCCC1OCCCC,2.945
ClC1CCC(OC2CCC(Cl)C(Cl)C2)C(Cl)C1,4.23999995
CCOP(=S)(OCC)SCSC1CCC(Cl)CC1,3.08
CCCCCCCCCCCCC1=C(OC(C)=O)C(=O)C2CCCCC2C1=O,2.38
COC1C(O)C(Cl)C(Cl)C(Cl)C1Cl,2.56
C[N+](C)(C)CC1CCCCC1,0.085
OCC(F)(F)C(F)(F)C(F)(F)C(F)F,0.725005
CC(C)(C1CC(Br)C(O)C(Br)C1)C1CC(Br)C(O)C(Br)C1,2.455
CC1CCC(C)C2CCCCC21,3.119999984
CCNC1CCCCC1,1.0182789
CCCCCCCCCCCCC1CCC(S(=O)(=O)O)CC1,1.44
CC1CC(=O)[NH]O1,-0.31
C[Si](CN1CNCN1)(C1CCC(F)CC1)C1CCC(F)CC1,2.399484975
ClC1CC(Cl)C2CC(Cl)CCC2C1,4.43
CCOP(=S)(S)OCC,0.209485
CNC(=O)ON=C(CSC)C(C)(C)C,1.15
ClC1CCC(C(C2CCC(Cl)CC2)C(Cl)Cl)CC1,4.48
COC(=O)C1CCCCC1CS(=O)(=O)NC(=O)NC1NC(OC)CC(OC)N1,0.200359995
CCCCC1CCC2CCCC(S(=O)(=O)O)C2C1,0.18
CCC(C)(C)C1CCCCC1,3.205
C1=CCC2CC=CC2C1,2.43
NC1C(OC2CCC(Br)CC2)CC(O)C2C1C(=O)C1CCCCC1C2=O,2.0108317
C1CCC2sCNC2C1,0.75689255
CC1CCCCC1C(=O)NC1CCCC(OC(C)C)C1,2.43
O=C(O)CN(CCN(CC(=O)O)CC(=O)O)CC(=O)O,0.505185
O=C(O)C1C2CCC(O2)C1C(=O)O,-0.4
ClC1CC2OC3C(Cl)C(Cl)C(Cl)CC3C2CC1Cl,4.105
CCOC(=O)C(C)OC(=O)C1CC(OC2CCC(C(F)(F)F)CC2Cl)CCC1[N+](=O)[O-],2.480005
FC(F)(F)C1CCC(Cl)CC1,2.21
NC1CC(Cl)C(Cl)C(Cl)C1,2.35996385
CCN(CC)C1CC2[O+]C3CC(N(CC)CC)C(C)CC3C(-C3CCC(S(=O)(=O)O)CC3S(=O)(=O)O)C2CC1C,0.24
CCCN(CC)CC1COC2(CCC(C(C)(C)C)CC2)O1,1.899396775
C=CC=O,2.54
CCCCCC[Si](O)(CCCCCC)CCCCCC,1.811782725
ClC1(Cl)C2(Cl)C3C4(Cl)C1(Cl)C1(Cl)C4(Cl)C(Cl)(Cl)C3(Cl)C21Cl,4.55
CCN(CC)C1CCC2C(-C3CCC(S(=O)(=O)O)CC3S(=O)(=O)[O-])C3CCC(=[N+](CC)CC)CC-3OC2C1.[Na],-0.23657
O=CC1CCC(Cl)CC1,0.31995192
CCC1CCCCC1[N+](=O)[O-],1.139046875
CCCCCCCCCCCCCN1CC(C)OC(C)C1,2.87
ClC1CC2C(OC3C(Cl)CCCC32)C(Cl)C1Cl,3.11
NC1CCC(C=CC2CCC(N)CC2S(=O)(=O)O)C(S(=O)(=O)[O-])C1,-0.05
CN(C)C=O,-0.105
CC(C)C1CCC2CCCCC2C1C(C)C,3.47
O=S(=O)(O)C1CCCCC1C=CC1CCC(-C2CCC(C=CC3CCCCC3S(=O)(=O)O)CC2)CC1.[Na].[Na],0.35984
ClC1CCC2C(C1)OC1CCC(Cl)CC1O2,2.42998835
CCOC1CCC(N)CC1,0.76
CCCCC(CC)C(=O)OCCOC1CCC(-C2NC(-C3CCCCC3)NC(-C3CCCCC3)N2)C(O)C1,1.769985
OC1CCCCC1Cl,1.205
CCN(CC)C(=S)SSC(=S)N(CC)CC,2.35
BrC1CC(Br)CC(-C2CCCCC2)C1,0.81023
CN(C)C1CCC([C+](C2CCCCC2)C2CCC(N(C)C)CC2)CC1,1.81
O=C(O)C(F)(F)OC(F)(F)C(F)(F)OC(F)(F)F,0.31175
ClC1CCC(OC2C(Cl)CC(Cl)CC2Cl)C(Cl)C1,3.95
O=S(=O)(CCl)NC1CCC(Cl)C(Cl)C1OC1CCCC(Cl)C1Cl,1.89
C1CCC(NC2CCCCC2)CC1,2.24
C=C(C)C(=O)OCCOCCC[Si](C)(C)O[Si](C)(C)O[Si](C)(C)O[Si](C)(C)O[Si](C)(C)CCCC,2.5
ClC1CC2C(C(Cl)C1Cl)OC1C(Cl)C(Cl)C(Cl)C(Cl)C1O2,3.435
CC(OC1CCC(Cl)CC1Cl)C(=O)O,0.78
CC(C)C1CCCC(C(C)C)C1O,1.5
CC1CC(C)CC(C)C1,2.8644437
CC1CCC(Cl)C(O)C1,0.587287123
O=S(=O)(O)C1CCC(O)C2CCCCC12,1.11
O=[N+]([O-])C1CCC(Cl)C(S(=O)(=O)O)C1,0.479999995
C1COCCN1,0.215
CC1C(Cl)C(Br)C(Br)C(Br)C1Br,3.98
ClC1CCC(Cl)C(-C2CC(Cl)CCC2Cl)C1,4.54414465
CCOC(=O)CCN(CC1CCCCC1)SN(C)C(=O)ON=C(C)SC,2.21
CCCCCCCCSC(=O)OC1CC(Cl)NNC1-C1CCCCC1,2.06
CC(C)(C)C1CCCCC1O,1.94
CCCCNS(=O)(=O)C1CCCCC1,0.529915
CC(C)OC(=O)C(C)N(C(=O)C1CCCCC1)C1CCC(F)C(Cl)C1,2.08
CC1(O)CCC2CC1C2(C)C,0.86491
CC(C)C1CCC(-C2CCC(Cl)CC2)CC1,3.04
CC(CC(C)(C)C)CC(C)(C)C,3.16806035
BrC1CCC(Br)C(-C2CC(Br)CCC2Br)C1,4.97
OC1CCC(-C2CCC(O)CC2)CC1,1.41
C1CCC2C(C1)OC1CCCCC12,3.11971505
O=C(O)C(F)(F)C(F)(F)C(F)(F)C(F)(F)C(F)(F)C(F)(F)C(F)(F)C(F)(F)C(F)(F)C(F)(F)C(F)(F)F,3.96
CCC1CC(C(C)(C)C)C(O)C(C(C)(C)C)C1,3.525
ClC1CCC(C2(CN3CNCN3)CC(Br)CO2)C(Cl)C1,2.12
ClC1CCC(C(C2CCCCC2Cl)C(Cl)(Cl)Cl)CC1,2.62
ClC1CCCC(-C2C(Cl)CCC(Cl)C2Cl)C1Cl,5.15
O=C1CCCCC1C1=CCCCC1,0.612531048
O=[N+]([O-])C1CC(Cl)C(Cl)C(Cl)C1Cl,1.869985
CCCCCCCCCCCCCCCCCC(=O)NCCNC(=O)CCCCCCCCCCCCCCCCC,0.32
NC1CCCCC1Cl,0.923235543
CC(C)C1CCCCC1,1.55
OC1CC(Cl)CCC1OC1CCC(Cl)CC1Cl,1.695
CCC(C)C1CC([N+](=O)[O-])CC([N+](=O)[O-])C1OC(=O)OC(C)C,2.48
O=C(O)C(F)(F)C(F)(F)C(F)(F)C(F)(F)C(F)(F)C(F)(F)C(F)(F)C(F)(F)C(F)(F)C(F)(F)C(F)(F)C(F)(F)C(F)(F)C(F)(F)C(F)(F)C(F)(F)C(F)(F)F,2.64
CCCCCCCCCCCCCCCC[N+](C)(C)C,2.85
COCCCN,-0.25144
CC(CCl)OC(C)CCl,0.985380324
O=[N+]([O-])NC1=NCCN1CC1CCC(Cl)NC1,-0.22
OC1C(Cl)C(Cl)CC(Cl)C1Cl,2.150281075
COP(=S)(OC)OC1CCC([N+](=O)[O-])C(C)C1,1.78375
C1CCC(NC2CCC3CCCCC3C2)CC1,2.38
COP(=O)(OC)SCN1C(=O)OC2CC(Cl)CNC21,0.19
ClC1C(Cl)C(Cl)C(-C2C(Cl)C(Cl)C(Cl)C(Cl)C2Cl)C(Cl)C1Cl,4.385
COC(=O)C1CCC(OC(=O)C2CC(OC)C(OC)CC2OC)CC1,0.26
CC(C)NC(=O)N1CC(=O)N(C2CC(Cl)CC(Cl)C2)C1=O,2.2125
ClC1CC(Cl)C2CC(Cl)CC(Cl)C2C1,4.53
CC1CCC(N)C(S(=O)(=O)O)C1,0.35
CCCCCCCCCC1CCCC(O)C1CCCCCCCCC,2.285005
ClC1CC2OC3C(Cl)C(Cl)C(Cl)C(Cl)C3C2CC1Cl,3.9
ClC1CCC2C(C1)OC1CC(Cl)CCC1O2,2.82
O=S(=O)(O)C1C(CC2CCC3CCCCC3C2S(=O)(=O)O)CCC2CCCCC12,0.44
NN=O.C1CCC(-C2CCCCC2)CC1,1.405
O=C(O)C(Br)C(Br)C(=O)O,0.62
CC(C)(C)OOC(C)(C)CCC(C)(C)OOC(C)(C)C,3.55
O=C(O)CC(F)(F)C(F)(F)C(F)(F)C(F)(F)C(F)(F)C(F)(F)F,1.07995
CC1C(Cl)C(Cl)C(Cl)C(Cl)C1Cl,3.845
CC1CC(N=NC2C(S(=O)(=O)O)CC3C(S(=O)(=O)O)C(N=NC4C(NC5CCCCC5)CCC5C(O)C(N=NC6CCC7C(O)C(N=NC8CCCCC8S(=O)(=O)O)C(S(=O)(=O)O)CC7C6)C(S(=O)(=O)O)CC45)CCC3C2O)C(OCCCS(=O)(=O)O)CC1N=NC1CC(S(=O)(=O)O)CC2CC(S(=O)(=O)O)CC(O)C12,1.59
O=C(F)C(F)(F)C(F)(F)C(F)(F)C(F)F,-0.12494
C[N+](C)(C)CCO,-0.23
CCC1CCC(-C2CCCCC2)CC1,2.85853145
ClC1CCC(-C2C(Cl)CC(Cl)CC2Cl)C(Cl)C1,3.72
C(=NC1CCCCC1)=NC1CCCCC1,0.08991
O=C1C(C2CC(C3CCC(-C4CCC(Br)CC4)CC3)CC3CCCCC32)C(O)sC2CCCCC12,4.6
ClC(Cl)C(Cl)Cl,1.0199331
CCCCCCCCCC[N+]1CCCC(COCCCCOCC2CCC[N+](CCCCCCCCCC)C2)C1,2
CC(C)(C)C1CC(-N2NC3CCCCC3N2)C(O)C(C(C)(C)C)C1,3.6427037
CC(C)(C)C(O)C(CC1CCC(Cl)CC1)N1CNCN1,1.675
ClC1CCC(Cl)C(-C2C(Cl)C(Cl)C(Cl)C(Cl)C2Cl)C1,5.93
O=S(=O)(OC1CCC(Cl)CC1)C1CCC(Cl)CC1,2.48
CC1NNC(-C2CCCCC2)C(=O)N1N,1.88
ClC1CC(Cl)C(Cl)C(Cl)C1Cl,3.9925
O=C(O)C1CC2CC1C1C3C=CC(C3)C21,1.72
C=CC1CC=CCC1,2.239543367
O=S(=O)(O)CCC(F)(F)C(F)(F)C(F)(F)C(F)(F)F,0.61278
NCCNCCN,0.419614858
CC(C)(C)NCCO,0.039075
CNC1CCCCC1,0.83
CCS(=O)C1C(C#N)NN(-C2C(Cl)CC(C(F)(F)F)CC2Cl)C1N,0.98
CN(C)C(=O)NC1CCC(Cl)C(Cl)C1,0.945
C#CCOC1CC(-N2NC(C(C)(C)C)OC2=O)C(Cl)CC1Cl,2.82
O=S(=O)([O-])C1CC2CC(S(=O)(=O)O)CCC2CC1O.[Na+],-0.08092
ClC1CCCC(-C2CC(Cl)CC(Cl)C2)C1,4.63
CC(C)C1CCC2C(C1Cl)CCC1C(C)(C(=O)O)CCCC21C,1.56998
O=[N+]([O-])C1CCCC(Cl)C1Cl,1.97
CC(C)C1CCC2CCCC(C(C)C)C2C1,3.27
O=C1C=CC2CC(S(=O)(=O)O)CC(S(=O)(=O)O)C2C1=NNC1CCC(S(=O)(=O)O)C2CCCCC12,0.24
CCCCOCCCC,1.885
O=[N+]([O-])C1CC(Cl)CC(Cl)C1,2.23
O=P(OCCCl)(OCCCl)OCCCl,0.16
CCSCCSP(=S)(OC)OC,2.24
CC(C)CC(C)(C)C,2.77
O=C1[NH]C(=O)[NH]C(=O)[NH]1,-0.55
ClC1CCC(OC2CCCCC2)C(Cl)C1,3.96962075
CCCCCCCC1CCC(OC(F)(F)C(F)F)CC1,2.96
O=C1C(C2CCC3CC(S(=O)(=O)O)CC(N4C(=O)C5C(Cl)C(Cl)C(Cl)C(Cl)C5C4=O)C3N2)=C(O)C2C(Cl)C(Cl)C(Cl)C(Cl)C21,2.48
COC=C(C(=O)OC)C1CCCCC1COC1CCCC(C(F)(F)F)N1,2.46
COC1NC(C)NC(NC(=O)NS(=O)(=O)C2CCCCC2CCC(F)(F)F)N1,-0.89
ClC1CC2OC3CC(Cl)C(Cl)C(Cl)C3C2CC1Cl,3.58
O=C1C(Br)=CC(=CNOC2CCC([N+](=O)[O-])CC2[N+](=O)[O-])C=C1Br,2
COP(=O)(OC)C(O)C(Cl)(Cl)Cl,0.005
FC(F)(F)C(F)(F)C(F)(F)C(F)(F)C(F)(F)C(F)(F)C(F)(F)F,3.28
COP(=S)(OC)OC1CCC(S(C)(=O)=O)C(C)C1,0.48643724
O=C(NC1CCCCC1)C1CC2CCCCC2CC1O,0.729510673
O=C([O-])NCC1CCCC2CCCCC12,1.295
CC12C=CC(C1)C(C(=O)O)C2C(=O)O,0.74036
CC1CC(NC2NC(NCCO)NC(NC3CCC(N=NC4CC(S(=O)(=O)O)C5CCCC(S(=O)(=O)O)C5C4)C(C)C3)N2)CCC1N=NC1CC(S(=O)(=O)O)C2CCCC(S(=O)(=O)O)C2C1,0.5
O=C(O)C1CC=CCC1C(=O)O,0.05
CC1C(NC(=O)C(C)Br)C(=O)N(-C2CCCCC2)N1C,-0.449485
CCCCC1CCC(-C2CCC(-C3CC(F)C(C(F)(F)OC4CC(F)C(F)C(F)C4)C(F)C3)C(F)C2)CC1,1.41
O=C(O)C=C(C(F)(F)F)C(F)(F)F,0.09517
CC1CCC(OP(=O)(OC2CCC(C)CC2)OC2CCC(C)CC2)CC1,2.805
CCNC1NC(NCC)NC(SC)N1,0.30972254
O=[N+]([O-])C1CCCCC1[N+](=O)[O-],1.09
CC(C)(C)C(O)C(OC1CCC(Cl)CC1)N1CNCN1,1.32
C1CCC(NC2CCC(NC3CCCCC3)CC2)CC1,3.1257014
O=C(O)CC1CCCC2CCCCC12,0.29
ClC1CC(Cl)C(Cl)C(-C2CCCCC2)C1Cl,4.71
CCCCC(CC)COP(=O)(OC1CCCCC1)OC1CCCCC1,2.636394634
CCCCCCC1CCC(-C2CCC(C#N)CC2)CC1,3.61425735
NC1CC(Cl)CCC1Cl,1.256815675
CC(C)(C)C1CCC2C(C1)C(=O)C1CCCCC1C2=O,2.52
CC1CCC(C(C)C)C(O)C1,1.125189872
CC=C1CC2C=CC1C2,2.052585816
CC1C(C)(C)C2=C(C(=O)CCC2)C1(C)C,2.019995
O=C(C1CCCCC1)C1CC(Cl)CCC1Cl,1.889985
ClC1CCC(-C2C(Cl)C(Cl)CC(Cl)C2Cl)C(Cl)C1Cl,5.26
CS(=O)(=O)C1CC(C(F)(F)F)CCC1C(=O)C1CNOC1C1CC1,1.04
O=[N+]([O-])C1CCCCC1Cl,1.57344095
CCC(C)C1CCCC(C(C)CC)C1O,2.502707634
C=C(C)C(=O)OCCC(F)(F)C(F)(F)C(F)(F)C(F)(F)C(F)(F)C(F)(F)F,1.07995
ClC1=C(Cl)C(Cl)(C2(Cl)C(Cl)=C(Cl)C(Cl)=C2Cl)C(Cl)=C1Cl,6.43
C[Si](C)(C)O[Si](C)(C)O[Si](C)(C)O[Si](C)(C)C,3.44
ClC1CCC(-C2CCC(Cl)C(Cl)C2)CC1Cl,4.345
N#CC1CC(Br)C(O)C(Br)C1,0.84011
CN1C(-C2CCCCC2)CC(-C2CCCCC2)[N+]1C,1.3
ClC1CCCCC1,1.842999888
CC1=CC(=O)CC(C)(C)C1,0.36994104
ClC1CC(Cl)C(-C2C(Cl)CC(Cl)C(Cl)C2Cl)CC1Cl,5.71
C1CsC(-C2CCCs2)C1,3.55
ClC1=C(Cl)C(Cl)(Cl)C(Cl)=C1Cl,1.18
O=[N+]([O-])C1CCC(Cl)C([N+](=O)[O-])C1,1.13
C1CCC(SSC2CCCCC2)CC1,1.159965
CC(=O)C(=NNC1CCC(-C2CCC(NN=C(C(C)=O)C(=O)NC3CCCCC3)C(Cl)C2)CC1Cl)C(=O)NC1CCCCC1,0.62
OCCN(CCO)CCO,0.345
CCCCCOP(=O)(OCCCCC)OCCCCC,2.480005
C1CCC2sC(SN(C3CCCCC3)C3CCCCC3)NC2C1,2.835
O=C(O)C1NC(Cl)CCC1Cl,0
CC1CCCC(C)N1,0.324828334
CC(Cl)(Cl)C(=O)O,0.705875003
CN(C)P(=O)(N(C)C)N(C)C,-0.55
ClC1CC(Cl)C(Cl)CC1Cl,3.72
CC1CCC([N+](=O)[O-])CC1[N+](=O)[O-],0.862494543
O=C([O-])C1=NN(C2CCC(S(=O)(=O)[O-])CC2)C(=O)C1N=NC1CCC(S(=O)(=O)[O-])CC1,-0.03
CC(C)C(C(=O)OC(C#N)C1CCCC(OC2CCCCC2)C1)C1CCC(Cl)CC1,3.01
C=C1CCC(O)CC1=CC=C1CCCC2(C)C1CCC2C(C)CCCC(C)C,6
CCC(CO)(CO)CO,0.609965
ClCCOC(C1CCCCC1)C1CCCCC1,2.6
CS(C)=O,0.35
CCOCOC1CCCCCCCCCCC1,2.74
CCCC(C)(C)C(=O)NC1CCC(Cl)CC1,3.07
ClC1=C(Cl)C2(Cl)C3C4C=CC(C4)C3C1(Cl)C2(Cl)Cl,3.863776925
O=C(NC(=O)C1C(F)CCCC1F)NC1CC(Cl)C(F)C(Cl)C1F,2.81
CCOC1CCC(NC(=O)C(N=NC2CCC(-C3CCC(N=NC(C(C)=O)C(=O)NC4CCC(OCC)CC4)C(Cl)C3)CC2Cl)C(C)=O)CC1,0.48996
CC(C)C(O)(C1CCC(OC(F)(F)F)CC1)C1CNCNC1,1.545
COC(=O)C1CCC2CC(C(=O)OC)CCC2C1,1.690015
ClC1CCCCC1NNC1CCCCC1Cl,3.684158925
COC(=O)C1CCCCC1C(=O)C1CCCCC1,0.943578653
CC(=CC(C)C)CC(C)C,3.29
OC1CCC(CC2CCC(O)CC2)CC1,1.01
CSC1C(C)CC(O)CC1C,1.159935
OC1CC(Cl)C(Cl)C(Cl)C1Cl,1.11459
O=C1C(Cl)C(CCl)CN1C1CCCC(C(F)(F)F)C1,2.465
CCC(C)C1CC([N+](=O)[O-])CC([N+](=O)[O-])C1O,1.135
CC1CCC2NC3sC(=O)sC3NC2C1,3.48
O=C1C2CCCCC2C(=O)C2CCCCC21,2
CCOP(=S)(OCC)OC1CC(C)NC(C(C)C)N1,1.7448725
CC(C)(C)C1CCC(O)CC1,1.768137075
CCCCCCO,-0.27
CCCCCCCCCCCCC1C(OC2CCCCC2S(=O)(=O)O)CCCC1S(=O)(=O)O,0.99507
CCONC(CC)=C1C(=O)CC(C2C(C)CC(C)CC2C)CC1=O,1.505
CC1CCC(C(=O)O)C(C(=O)O)C1,0.11
CCO[Si](CCCN)(OCC)OCC,-0.032
CC1CCC(N=NC2C(O)C(C(=O)O)CC3CCCCC23)C(S(=O)(=O)O)C1,0.84
ClC1CC2C(CC1Cl)OC1C(CC(Cl)C(Cl)C1Cl)O2,4.32
CCC1CCCC(CC)C1N,2.08001
O=[N+]([O-])OCC(CO[N+](=O)[O-])O[N+](=O)[O-],0.96994
CCCCCCCCCCCCC1CCCCC1O,2.81
ClCCl,1.215
CC1CCCCC1S(=O)(=O)[O-].[Na+],-0.69897
NC1CCC(Cl)C(Cl)C1,1.13
CCOP(=S)(OCC)OC1NC(Cl)N(C(C)C)N1,1.88
C=CCCl,0.5
ClC1CC(Cl)C(-C2CCCCC2)CC1Cl,3.91422915
CCCSP(=S)(OCC)OC1CCC(SC)CC1,3.96
CON(C)C(=O)NC1CCC(Cl)C(Cl)C1,1.2750122
ClCCCBr,0.72
ClC1CCC(Cl)C(-C2CCCCC2Cl)C1,4.185
CCCN(CCC)C1C([N+](=O)[O-])CC(C(F)(F)F)CC1[N+](=O)[O-],3.435
CC(C)NC1CCC(NC(C)C)C2C1C(=O)C1CCCCC1C2=O,3.84
CN(C)C1CCCC(C(=O)O)C1,1.1
CCOC(=O)N(C)C(=O)CSP(=S)(OCC)OCC,1.88
O=C([O-])C1[NH]N(-C2CCC(S(=O)(=O)[O-])CC2)C(=O)C1N=NC1CCC(S(=O)(=O)[O-])CC1.[Na+].[Na+].[Na+],0.225
ClC1CCC(-C2CCCCC2Cl)C(Cl)C1,4.37
CC1CCCC(C(C)(C)C)C1O,1.92001
N#CC1CCC(C#N)CC1,0.200705618
COP(=S)(OC)OC1CC(Cl)C(Br)CC1Cl,2.365
CCCCCCCCCCCCCCCC[N+](C)(C)C.[Br-],2.87
CCCCCCCCCC(CC)C1CCC(S(=O)(=O)[O-])CC1,2.02
C1CCC2C(OCC3CO3)C3CCCCC3C(OCC3CO3)C2C1,2.29
CCC(C)C1CCC(OCC(O)O)CC1,0.63
CNC(=O)OC1CC(C)C(SC)C(C)C1,1.88
ClC1CCC2C(C1)OC1CC(Cl)C(Cl)C(Cl)C12,3.410000025
ClC1CC(Cl)C(-C2CC(Cl)C(Cl)C(Cl)C2Cl)CC1Cl,5.555
CCC1CCCC(CC)C1,2.78806635
O=C(NC1CCCCC1)N(CC1CCC(Cl)CC1)C1CCCC1,2.35
NC1CCC(C=CC2CCC(N)CC2S(=O)(=O)[O-])C(S(=O)(=O)[O-])C1.[Na+].[Na+],0.28103
CC(Cl)(Cl)Cl,0.533707985
CCCCC(CC)COC(=O)CC(C(=O)OCC(CC)CCCC)S(=O)(=O)O.[Na+],0.715
C1CCC2[NH]C(-C3CsCN3)NC2C1,1.98
ClC1=C(Cl)C2(Cl)C3C(Cl)C(Cl)CC3C1(Cl)C2(Cl)Cl,4.2863952
NC1CCCC2C(N)CCCC12,0.46
ClC1CCC(-C2CC(Cl)CCC2Cl)CC1,4.09
CC(CCC(COS(=O)(=O)O)C(C)CC(C)(C)C)CC(C)(C)C,2.15
CCOP(=O)(SC1CCCCC1)SC1CCCCC1,1.485
BrC1CCCCC1Br,3.1
CC(=O)C(N=NC1CCC(-C2CCC(N=NC(C(C)=O)C(=O)NC3CCCCC3)C(Cl)C2)CC1Cl)C(=O)NC1CCCCC1,0.619692963
COC(=O)NC1NC2CCCCC2[NH]1,0.245595095
OC(=S)C1CCCC2NNsC12,2.07
NC(=O)C1CC=CCC1C(=O)O,0.54
O=P(O)(O)C1CCCCC1,1.42
C1CCC(-C2CCCCC2)CC1,2.78
CC1CC(CC2CC(C)CC(C(C)(C)C)C2O)C(O)C(C(C)(C)C)C1,2.67
CCOC(=O)CC(SP(=O)(OC)OC)C(=O)OCC,-0.085
ClC1CCC(-C2C(Cl)CCC(Cl)C2Cl)C(Cl)C1Cl,4.88
COCC(=O)N(C1C(C)CCCC1C)N1CCOC1=O,-0.1
CCCCN(CC)C(=O)SCCC,2.56
CC(C)(C)C(O)(CCC1CCC(Cl)CC1)CN1CNCN1,1.9964088
C[N+](C)(C)CC1CCCCC1.[Cl-],-0.69897
ClC1CCC(-C2CCCCC2)CC1,2.4925
ClC1(Cl)C2(Cl)C3(Cl)C4(Cl)C(Cl)(Cl)C5(Cl)C3(Cl)C1(Cl)C5(Cl)C24Cl,4.4
ClC1C(Br)C(Br)C(Br)C(Br)C1Br,2.444756416
CCC1CCCC(C)C1N(C(=O)CCl)C(C)COC,1.84
ClC1CCC(-C2CCC(Cl)C(Cl)C2Cl)C(Cl)C1Cl,5.65
ClC1CCC(Cl)C(-C2CCC(Cl)C(Cl)C2Cl)C1,4.7
CC(CCl)OP(=O)(OCCOCCOP(=O)(OC(C)CCl)OC(C)CCl)OC(C)CCl,0.2751
O=C(O)C=CC(=O)O,1
CC(OC1CC(Cl)C(Cl)CC1Cl)C(=O)O,1.760857
ClC1CCCC2CCCC(Cl)C12,3.79
CCCCCCCCCCCCCCCCCCNC(=O)NCCCCCCCCCCCCCCCCCC,1.4792803
CC1C([N+](=O)[O-])CCCC1[N+](=O)[O-],1.340797475
FC(F)(F)C1(F)C(F)(F)C(F)(F)C(F)(F)C(F)(F)C1(F)C(F)(F)F,3.925
CC1CCC([N+](=O)[O-])CC1O,0.855
C=C(C)C1CC2C=CC1C2,2.98
OC1C(Br)CC(Br)CC1Br,2.710029325
CC1CCC(N(SC(F)(Cl)Cl)S(=O)(=O)N(C)C)CC1,1.885
BrC1CC(Br)C(-C2CCCCC2)C(Br)C1,3.87
CC1CCCCC1OP(=O)(OC1CCCCC1)OC1CCCCC1,2.52
CC1CC(Cl)C(Cl)CC1Cl,3.88
CCN(CC)CCO,0.29
O=P(=O)C1CCCCC1,0.19
CCC(O)OC(O)CC,0.23
C1CCC(NC2CCCC3CCCCC23)CC1,3.28904495
CCCCC1CCC(C(=O)O)CC1,0.630105
O=C(O)C(F)(OC(F)(F)C(F)(F)C(F)(F)F)C(F)(F)F,1.48
COC(=O)N(OC)C1CCCCC1COC1CCN(-C2CCC(Cl)CC2)N1,2.85
CON=C(C(=O)OC)C1CCCCC1COC1CCCCC1C,2.34
OC(C1CCC(Cl)CC1)(C1CNCNC1)C1CCCCC1Cl,2.05
CC(OC1CCC(OC2NCC(C(F)(F)F)CC2Cl)CC1)C(=O)O,0.94002
CCC(C)N1C(=O)[NH]C(C)C(Br)C1=O,0.6
CC(C)(C)C1CC(C(=O)O)C(O)C(C(C)(C)C)C1,1.160015
CCCCOC(=O)N(C)SN(C)C(=O)OC1CCCC2C1OC(C)(C)C2,1.96
CC1CC(NC(=O)NC2CCC(N=NC3CC(S(=O)(=O)[O-])C4CCCC(S(=O)(=O)O)C4C3)C(C)C2)CCC1N=NC1CC(S(=O)(=O)[O-])C2CCCC(S(=O)(=O)[O-])C2C1.[Na+].[Na+].[Na+].[Na+],0.39967
C=CC1CCCC(C)C1,1.55
C1CCC(-C2CCCCC2-C2CCCCC2)CC1,3.1575
CC1C(Cl)C(Cl)C(C)C(Cl)C1Cl,3.59
CC1CC(C)CC(OP(=O)(OC2CCC(C)CC2C)OC2CCCC(C)C2C)C1,2.67
CC1=NN(C2CC(Cl)C(S(=O)(=O)O)CC2Cl)C(=O)C1,1.155
CCCCOCCCN1C(C(C(=O)NC2CC(C(C)(C)C)CCC2SCC(CC)CCCC)N2C(=O)OC(C)(C)C2=O)=NC2CCCCC2S1(=O)=O,1.10996
NC1C(Cl)CC(Cl)CC1Cl,1.91
FC(F)C(F)(F)OCC(CN1CNCN1)C1CCC(Cl)CC1Cl,1.55
CCC1NN(C)C(C(=O)NCC2CCC(C(C)(C)C)CC2)C1Cl,1.13001
C1CCC2CCCC2C1,2.910000017
CC1CCCCC1N=NC1CCC(N=NC2C(O)CCC3CCCCC23)C(C)C1,0.750473842
FC(F)(Cl)C(F)(F)Cl,1.50997
COC(=O)C(C)N(C(=O)CC1CCCCC1)C1C(C)CCCC1C,1.76
CC(C)N(C(=O)SCC(Cl)=C(Cl)Cl)C(C)C,3.15
CNC(=O)CSP(=O)(OC)OC,1.88
COP(=S)(OC)OC1CCC(Cl)CC1C#N,2.33
CC(CC1CCC(C(C)(C)C)CC1)CN1CCCCC1,2.201029975
C1CCC2CC(SSC3CCC4CCCCC4C3)CCC2C1,0.383764415
BrC1CCCCC1,1.395
[Cl-].[Cl-].[Hg+2],3.41
COC1CCC(NC(=O)C(N=NC2CCC(-C3CCC(N=NC(C(C)=O)C(=O)NC4CCCCC4)C(Cl)C3)CC2Cl)C(C)=O)CC1,0.48996
CON(C)C(=O)NC1CCC(Cl)CC1,1.31
O=S(=O)(O)CCC(F)(F)C(F)(F)C(F)(F)C(F)(F)C(F)(F)C(F)(F)F,1.542035
OCC1C(Cl)CCCC1Cl,0.41041693
ClC1CCC(-C2C(Cl)CCC(Cl)C2Cl)C(Cl)C1,4.18
C=CC1CCCCC1C=C,2.52
CC(C)OC(=O)C(Cl)C(=O)OC(C)C,-0.659135
ClC1CCC(-C2CCCCC2)C(Cl)C1,3.55
COC1CCC(C(C2CCC(OC)CC2)C(Cl)(Cl)Cl)CC1,2.93
CC(C)N1C(=O)C2CCCCC2NS1(=O)=O,1.32
O=C(O)CCC(F)(F)C(F)(F)C(F)(F)C(F)(F)C(F)(F)F,0.88649
ClC1CC(Cl)C(Cl)C(-C2CC(Cl)C(Cl)CC2Cl)C1,5.31
CC(Br)(CBr)COC1C(Br)CC(Br)CC1Br,4.33514095
CCCCOCCN1C(=N)C2C(N)C3C(C(N)C2C1O)C(=O)C1CCCCC1C3=O,0.62
CC1CCCC(C)C1N,0.45025
O=C(NC(=O)C1C(F)CCCC1F)NC1CCC(Cl)CC1,2.43
CCCCOC(=O)C1CCCCC1C(=O)OCC1CCCCC1,1.005
O=C(O)CN(CC(=O)O)CC(=O)O,1.75
NC1C(N=NC2CCC(S(=O)(=O)CCOS(=O)(=O)O)CC2)C(S(=O)(=O)O)CC2CC(S(=O)(=O)O)C(N=NC3CCC(S(=O)(=O)CCOS(=O)(=O)O)CC3)C(O)C12,0.64
CCC1CCCCC1,2.696666667
CC1CCC(Cl)CC1[N+](=O)[O-],1.92
O=C(O)C1CCC(Cl)C2C(Cl)CCC(C(=O)O)C12,-0.01
COC1CC(Cl)CC(Cl)C1O,1.739985
C=CC#N,1.28
CC(C)C1=CC2=CCC3C(C)(C(=O)O)CCCC3(C)C2CC1,1.97
CCOC(=O)C(C)OC1CCC(OC2CNC3CC(Cl)CCC3N2)CC1,2.76
CCCCCCCCCCCCO,3.58
CCCCCCCC1CCC(O)CC1,2.75
ClC(Cl)=C(Cl)Cl,1.80205765
CC(C)OP(C)(=O)OC(C)C,0
NC1C(S(=O)(=O)O)CC(S(=O)(=O)O)C2CCCC(O)C12,0.89999999
CCOC(=O)CSC1NC(C(C)(C)C)NN1C(=O)N(C)C,1.59
CN1CCOCC1,1
CC(C)(C1CCC(O)CC1)C1CCC(O)CC1,1.515
CC1CCC(O)C(C(C)(C)C)C1,2.575
COC1CCCC([N+](=O)[O-])C1,0.741538763
COP(=S)(OC)OC1CCC(C#N)CC1,1.56
COP(=O)(OC)OC(Br)C(Cl)(Cl)Br,1.85
CCCCC1C(C)NC(NCC)NC1OS(=O)(=O)N(C)C,2.27
O=C(O)C(Cl)(Cl)Cl,0.125
COP(=S)(OC)OC1CC(Cl)C(Cl)CC1Cl,3.58
O=[N+]([O-])C1CC(Cl)C(Cl)CC1Cl,1.835
C1CCC2CCCCC2C1,2.684333
CC(=O)CC(=O)NC1CCC(-C2CCC(NC(=O)CC(C)=O)C(C)C2)CC1C,-0.025
O=C(O)CCCOC1CCC(Cl)CC1Cl,2.24
O=P(O)(O)C(F)(F)C(F)(F)C(F)(F)C(F)(F)C(F)(F)C(F)(F)C(F)(F)C(F)(F)C(F)(F)C(F)(F)F,2.21
O=P(O)(C(F)(F)C(F)(F)C(F)(F)C(F)(F)C(F)(F)C(F)(F)C(F)(F)C(F)(F)F)C(F)(F)C(F)(F)C(F)(F)C(F)(F)C(F)(F)C(F)(F)C(F)(F)C(F)(F)F,8.3
CC1(C)C(C=C(Cl)Cl)C1C(=O)OC(C#N)C1CCCC(OC2CCCCC2)C1,1.54744
CNC(=S)S,-1.52
CC1=C(C)S(=O)(=O)CCS1(=O)=O,0.63
ClC1CCC(-C2C(Cl)CCC(Cl)C2Cl)CC1,5.19
O=C1NC(=O)C(C2CCCCC2)(C2CCCCC2)N1,0.61992
CCOC(=O)C1CCCCC1C(=O)OCC,2.07
CC(C)(C)C1CC(-N2NC3CCC(Cl)CC3N2)C(O)C(C(C)(C)C)C1,3.17
O=C1C2CC=CCC2C(=O)N1SC(Cl)(Cl)Cl,2.09
CC(=O)O,0.51
CCC(C)NC1C([N+](=O)[O-])CC(C(C)(C)C)CC1[N+](=O)[O-],3.29
CN(C)S(=O)(=O)NC1CCCCC1,0.51
CC(C)OC1CCCC(NC(=O)C2CCCCC2C(F)(F)F)C1,1.5775
OCC1CC(Cl)CC(Cl)C1Cl,3.09
BrC1CCC(Br)C(Br)CCC(Br)C(Br)CCC1Br,3.64
CC(C)(C)OCCO,-0.220925
FC(F)(F)C(F)(F)C(F)(F)C(F)(F)N(C(F)(F)C(F)(F)C(F)(F)C(F)(F)F)C(F)(F)C(F)(F)C(F)(F)C(F)(F)F,1.3
FC1CCC(OC2CCNC3CC(Cl)CC(Cl)C23)CC1,3.7
CC(C)NC1NC(Cl)NC(NC(C)C)N1,1.79
O=C(NC1CCC(F)CC1F)C1CCCNC1OC1CCCC(C(F)(F)F)C1,3.11
C#CCC1=C(C)C(OC(=O)C2C(C=C(C)C)C2(C)C)CC1=O,3.06
COP(N)(=O)SC,1.88
CC1(C)C(C=CC(=O)OC(C(F)(F)F)C(F)(F)F)C1C(=O)OC(C#N)C1CCCC(OC2CCCCC2)C1,2.905
CCOC(=O)C(C)OC1CCC(OC2NC3CCC(Cl)CC3O2)CC1,0.845
NC1NC(N)NC(NC2NC(N)NC(N)N2)N1,-1
CC1CC(=O)N(-C2CC(Cl)C(S(=O)(=O)O)CC2Cl)[NH]1,1.16
O=[N+]([O-])C1CCC(Cl)CC1Cl,1.83
C1CCC2NC3CCC4CCCCC4C3CC2C1,2.02
CC(C)OP(=O)(OC(C)C)SCC1CCCCC1,1.02
N#CCCNCCC#N,-0.125
NC1CCC([N+](=O)[O-])CC1[N+](=O)[O-],1.11
CCNC1NC(Cl)NC(NCC)N1,0.96953805
C[N+]1CCC(-C2CC[N+](C)CC2)CC1,0.18
CC(=CC(C)(C)C)CC(C)(C)C,3.29
CC(C)(C1CC(Br)C(OCCO)C(Br)C1)C1CC(Br)C(OCCO)C(Br)C1,2.2614854
C1CCC(OP2(OC3CCCCC3)=NP(OC3CCCCC3)(OC3CCCCC3)=NP(OC3CCCCC3)(OC3CCCCC3)=N2)CC1,1.64
C=CC1(C)OC(=O)N(C2CC(Cl)CC(Cl)C2)C1=O,0.81
CCCCC(CC)C(=O)OCC(COC(=O)C(CC)CCCC)(COC(=O)C(CC)CCCC)COC(=O)C(CC)CCCC,0.92
CCCOCC(=NC1CCC(Cl)CC1C(F)(F)F)N1CCNC1,2.59001
OC1C(C2CCCCC2)CCCC1C1CCCCC1,3.07
CC1CC(-N2NC3CCC(Cl)CC3N2)C(O)C(C(C)(C)C)C1,2.83
O=C(NC1CCC(Cl)C(Cl)C1)NC1CC(Cl)CCC1OC1CCC(Cl)CC1S(=O)(=O)O,1.899024375
CCCCCCCCC=CCCCCCCCCCCCCC,1.18
CCCCCCCCCCCCC1CCCC(O)C1,2.87
CN(C)P(=O)(F)N(C)C,-0.52
BrC1CCC(-C2CCC(Br)CC2)CC1,3.9638538
OCC(CO)(CO)CO,0.003256729
OC1CCCC(Cl)C1Cl,1.36248
ClC(Cl)Cl,0.87487011
ClC1CCCCC1Cl,2.480008525
CC(OC1CCC(OC2CNC3CC(Cl)CCC3N2)CC1)C(=O)OCC1CCCO1,2.53
BrC(Br)C1CCCCC1OCC1CO1,0.92496
CC(C)(C1CC(Br)C(OCC(Br)CBr)C(Br)C1)C1CC(Br)C(OCC(Br)CBr)C(Br)C1,1.679985
CCCCCCCC[Si](OCC)(OCC)OCC,3.25
O=C1C2C3C=CC(C3)C2C(=O)N1C1CCCCC1,1.07995
C1CCC2C(C1)CC1CCC3CCCC4CCC2C1C34,2.73
OC1CCCC2CCCNC12,1.12
CC(C)(C1CCC(OCCO)CC1)C1CCC(OCCO)CC1,1.390015
CC(CC1CCC(C(C)(C)C)CC1)C(=O)O,0.625
O=P(O)(C(F)(F)C(F)(F)C(F)(F)C(F)(F)C(F)(F)C(F)(F)F)C(F)(F)C(F)(F)C(F)(F)C(F)(F)C(F)(F)C(F)(F)C(F)(F)C(F)(F)C(F)(F)C(F)(F)C(F)(F)C(F)(F)F,6.3
C1CCC2C(C1)CCC1CCCCC12,2.49
CC1=C2C=CCC=C2NC(C)(C)C1,3.03
CCOP(=S)(OCC)SCSCC,2.68
O=P([O-])(O)OP(=O)([O-])OP(=O)([O-])O.[Al+3],1.63002
CC(C)CC(C)CC(C)C1CCC(O)CC1,2.19
ClC(Cl)(Cl)C(Cl)(Cl)Cl,0.58995
CC(C)(C)C1CC(N=NC2CCCCC2[N+](=O)[O-])C(O)C(C(C)(C)C)C1,3.7
OCC(F)(F)C(F)(F)C(F)(F)C(F)(F)C(F)(F)C(F)(F)C(F)(F)C(F)(F)C(F)(F)C(F)(F)C(F)(F)F,0.23045
C1CCC2C(C1)sC1CCCCC12,3.13393935
CC1CCC(C)C(C(C)C2CCCCC2)C1,2.854784575
CC(C)OP(=S)(OC(C)C)SCCNS(=O)(=O)C1CCCCC1,2.94
CC1CC(C)C(C2=C(OC(=O)CC(C)(C)C)C3(CCCC3)OC2=O)C(C)C1,2.74
CCC1CNC(C2=NC(C)(C(C)C)C(=O)N2)C(C(=O)O)C1,0.200359995
O=C(NC1CCC2C(O)CC(S(=O)(=O)O)CC2C1)NC1CCC2C(O)CC(S(=O)(=O)O)CC2C1,0.015
CCN(CC)C1C([N+](=O)[O-])CC(C(F)(F)F)C(N)C1[N+](=O)[O-],2.14501
COC1CCC([N+](=O)[O-])CC1,0.857358835
ClC1CCCCN1,1.03
O=[N+]([O-])C1CCC(O)C([N+](=O)[O-])C1,0.31
CC1C2CCCCC2C(C)C2C1CCC1CCCCC12,2.91
BrC1CC(Br)C(Br)CC1Br,3.695
CC(C)(C)C1CC(CC2CC(C(C)(C)C)C(O)C(C(C)(C)C)C2)CC(C(C)(C)C)C1O,3.28
CCC(=O)NC1CCC(Cl)C(Cl)C1,1.97
O=[N+]([O-])C1CCC([N+](=O)[O-])CC1,-0.399227503
CC1=CC(C)(C)NC2CCCCC21,3.06
ClC1CCC(-C2C(Cl)CCCC2Cl)CC1,5.08
ClC1CC(Cl)C(Cl)C(-C2C(Cl)C(Cl)CC(Cl)C2Cl)C1Cl,5.82
CCN(CC)C(=O)C(C)OC1CCCC2CCCCC12,1.99
OC1CC(Cl)C(Cl)CC1Cl,2.595
COC(OC)N(C)C,-0.11919
CCCCCCCCCC1CCC(O)CC1,2.4825
NC1CCCCC1N,0.78032
CC(C)(C)C1CC(C(C)(C)C)CC(C(C)(C)C)C1,4.378154925
O=C(C1CCCCC1)C1CCCCC1,0.96537183
CCN1CC[N+](C)C1C,1.71
CC(OC(F)(F)C(F)C(F)(F)F)C(F)(F)C(F)C(F)(F)F,3.13
CNC(=O)OC1CC(C)CC(C(C)C)C1,1.88
CCN(CCOP(=O)(O)OCCN(CC)S(=O)(=O)C(F)(F)C(F)(F)C(F)(F)C(F)(F)C(F)(F)C(F)(F)C(F)(F)C(F)(F)F)S(=O)(=O)C(F)(F)C(F)(F)C(F)(F)C(F)(F)C(F)(F)C(F)(F)C(F)(F)C(F)(F)F,1.42
O=C(O)COC1CCC(Cl)CC1Cl,-0.5
C1CCC(C(C2CCCCC2)(C2CCCCC2)N2CCOCC2)CC1,3.11
C1CCC2C(C1)CCCC2,2.46549285
CCOC1CCC2C(C1)C(C)=CC(C)(C)N2,1.73
CCOP(=S)(OCC)OC1CC(Cl)C(Br)CC1Cl,4
CCOC(=O)C1CC(=O)C(=C(O)C2CC2)C(=O)C1,1.18
CC1(C2CCC(OC3CCCCC3)CC2)OC(=O)N(NC2CCCCC2)C1=O,3.48
O=P(O)(O)C(F)(F)C(F)(F)C(F)(F)C(F)(F)C(F)(F)C(F)(F)F,1.46
CCCCCCCCCCCCCCC1CCC(S(=O)(=O)O)CC1,0.519914995
N#CC1C[NH]CC1-C1CCCC2C1OC(F)(F)O2,2.56
CC(O)CN(CC(C)O)CC(C)O,-0.485
O=C(O)C1CC2CCCCC2CC1O,0.46
NC1C(S(=O)(=O)O)CC(Br)C2C1C(=O)C1CCCCC1C2=O,0.17
CC(C)C1CC2CCCCC2C(S(=O)(=O)O)C1C(C)C,0.46
BrC(Br)Br,1.175
C[Si](C)(C)O[Si](C)(C)O[Si](C)(C)C,3.73
CC12CCC3C4CCC(O)CC4CCC3C1CCC2O,1.69001
COC(=O)C1NC[NH]C1C(=O)OC,0.77
CC(=O)C(N=NC1CC(Cl)C(-C2CC(Cl)C(N=NC(C(C)=O)C(=O)NC3CCC(C)CC3C)CC2Cl)CC1Cl)C(=O)NC1CCC(C)CC1C,0.48996
CC1(O)CC2CCC1(C)C2(C)C,1.479229775
CC(C)(C)C(O)C(OC1CCC(-C2CCCCC2)CC1)N1CNCN1,2.31
COP(=O)(OC)OC(=CCl)C1CC(Cl)C(Cl)CC1Cl,1.642429625
CCCCOP(=O)(O)OCCCC,0.59
O=C(O)C1=NN(C2CCC(S(=O)(=O)O)CC2)C(=O)C1=NNC1CCC(S(=O)(=O)O)CC1,0.48
CCOP(=S)(NC(C)CC)OC1CC(C)CCC1[N+](=O)[O-],2.4625
CC(C)C12C=CC(C)(CC1)C(C(=O)O)C2C(=O)O,0.1
CC(=O)C(N=NC1CCC(-C2CCC(N=NC(C(C)=O)C(=O)NC3CCC(C)CC3C)C(Cl)C2)CC1Cl)C(=O)NC1CCC(C)CC1C,0.48996
CC(=O)C=CC1CCCCC1,0.74
NC1C([N+](=O)[O-])CCC(OC2CCCCC2)C1Cl,3.46
CC1CCC([N+](=O)[O-])C([N+](=O)[O-])C1,0.205
ClC1CC(Cl)C2C(C1Cl)OC1CCCCC1O2,2.853693025
CN(C)CCN,0.25
NC1C(Cl)C(F)NC(OCC(=O)O)C1Cl,1.790772925
CC(C)C1=CC2=C(CC1)C1(C)CCCC(C)(C(=O)O)C1CC2,1.40001
CC12CCC(CC1)C(C)(C)O2,0.48
CCCC(CN1CNCN1)C1CCC(Cl)CC1Cl,1.97002
CC(CO)OCC(COC(C)CO)OC(C)CO,0.34044
CCC(OC1CCC(C(C)(C)CC)CC1C(C)(C)CC)C(=O)NC1CCC(NC(=O)C(F)(F)C(F)(F)C(F)(F)F)C(O)C1,0.49
O=S(=O)(O)C1CCC(NC2NC(NC3CCC(C=CC4CCC(NC5NC(NC6CCCC(S(=O)(=O)O)C6)NC(N(CCO)CCO)N5)CC4S(=O)(=O)O)C(S(=O)(=O)O)C3)NC(N(CCO)CCO)N2)CC1,0.1
O=C(O)C1CCC(Cl)C(Cl)C1,0.095
O=P(O)(C(F)(F)C(F)(F)C(F)(F)C(F)(F)C(F)(F)C(F)(F)F)C(F)(F)C(F)(F)C(F)(F)C(F)(F)C(F)(F)C(F)(F)C(F)(F)C(F)(F)F,7.36
OC1CCC(O)CC1,1.56
CCOP(=S)(OCC)OC1CCC([N+](=O)[O-])CC1,2.05
CCNC1NC(NC(C)CC)NC(OC)N1,1.200015
O=C(O)C1=NN(C2CCC(S(=O)(=O)O)CC2)C(=O)C1N=NC1CCC(S(=O)(=O)O)CC1,-0.03
C1CCC2C(C1)CC1CCCCC1-2,2.79
O=P(OC1CCCCC1)(OC1CCCCC1)OC1CCC(-C2CCC(OP(=O)(OC3CCCCC3)OC3CCCCC3)CC2)CC1,0.93
ClC1CC2C(OC3C(Cl)C(Cl)C(Cl)C(Cl)C32)C(Cl)C1Cl,3.495
NC(=O)C(F)(F)C(F)(F)C(F)(F)C(F)F,0.26717
CCOC(=O)C(Cl)CC1CC(-N2NC(C)N(C(F)F)C2=O)C(F)CC1Cl,2.25
O=C(O)C(F)(F)OC(F)(F)C(F)(F)OC(F)(F)C(F)(F)F,0.76
CCCCC(CC)COP(=O)(OCC(CC)CCCC)OCC(CC)CCCC,1.188112934
C1CCC2C(C1)CC1CCCCC1O2,3.62
CCOP(=O)(SC(C)CC)N1CCSC1=O,0.505
CC1CC(C(F)(C(F)(F)F)C(F)(F)F)CCC1NC(=O)C1CCCC(I)C1C(=O)NC(C)(C)CS(C)(=O)=O,1.82
C1CN(CCOCCN2CCOCC2)CCO1,0.480005
ClC1CCC(-C2CCCCC2)C(Cl)C1Cl,4.11
COC1C(Cl)C(Cl)C(Cl)C(Cl)C1Cl,4.15
BrCCBr,0.925
CC(C)CC1CCCCC1,3.3
CCCCCCCCCCCCCCCCC=CC(CC(=O)O)C(=O)O,0.22
C1CCC2C(C1)[NH]C1CCCCC12,2.18
C=CC1CCC(C=C)CC1.C=CC1CCCC(C=C)C1.C=CC1CCCCC1C=C,2.50106
CCOP(=S)(OC1CCC([N+](=O)[O-])CC1)C1CCCCC1,2.445
ClC1CCC(-C2CCCC(Cl)C2Cl)C(Cl)C1,4.53000005
CN(C)C1C(=O)C(C(N)=O)=C(O)C2(O)C(=O)C3=C(O)C4C(O)CCCC4C(C)(O)C3C(O)C12,-0.4318
CC1CC(C)CC(OP(=O)(OC2CC(C)CC(C)C2)OC2CC(C)CC(C)C2)C1,2.62
N.O=C(O)C(F)(F)C(F)(F)C(F)(F)C(F)(F)C(F)(F)C(F)(F)C(F)(F)F,1.50515
O=C(NC1CCCC(Cl)C1)OCC#CCCl,0.34
FC(Cl)(Cl)C(F)(Cl)Cl,1.835
CCSSCC,1.58
CCSC(=O)N1CCCCCC1,2.075
CC1CC(C)C2CCCCC2C1,3.37
C#CC(C)(C)NC(=O)C1CC(Cl)CC(Cl)C1,1.69
N#CC1CCCCC1C#N,0.47524427
CC1CCC(C)C(C)C1,2.17
CC(=O)NC1CCC(S(=O)(=O)[O-])CC1.[Na+],-0.36653
NC1CCC2CC(S(=O)(=O)O)CC(O)C2C1,0.277160023
CC1CCC(O)C(C)C1,1.18
O=C1NC(=O)C2CCCCC21,0.994965
CCCC(=NOCC)C1=C(O)CC(CC(C)SCC)CC1=O,0.93
CC#CC1CC(C)NC(NC2CCCCC2)N1,2.45
COC(=O)C1C(Cl)C(Cl)C(C(=O)OC)C(Cl)C1Cl,3.33
O=S(=O)(O)C(F)(F)C(F)(F)C(F)(F)C(F)(F)F,0.75742
ClC1CCC2OC3CC(Cl)C(Cl)C(Cl)C3C2C1,3.109999975
O=C(O)C1CCCCC1C(=O)O,0.05
O=C(NC1CCC(F)CC1)C1CCCC(OC2CCCC(C(F)(F)F)C2)N1,2.76
COC(=O)C1(Cl)C(Cl)CCC2(C)C3CCC(C(C)C)CC3CCC21,2.075
CC(CC(=O)O)CC(C)(C)C,0.54
C=CCOC(CN1CCNC1)C1CCC(Cl)CC1Cl,1.80906
CCN(CC)C1CCCCC1,2.035
O=C1C(Cl)=C(Cl)C(=O)C2CCCCC21,4.04
CNP(=O)(OC)OC1CCC(C(C)(C)C)CC1Cl,2.36
FC(F)(F)C1CCCCC1,1.668769
CC1CCCC(C(C)C2CCCCC2)C1C,3.4
BrC1CC(Br)C(-C2C(Br)CC(Br)CC2Br)C(Br)C1,4.66
ClC1CC2OC3C(Cl)C(Cl)CC(Cl)C3C2C(Cl)C1Cl,3.2
CC(=O)C(=NNC1CCC(-C2CCC(NN=C(C(C)=O)C(=O)NC3CCCCC3C)C(Cl)C2)CC1Cl)C(=O)NC1CCCCC1C,0.24
NC1CCCC([N+](=O)[O-])C1,0.505
COCC(=O)N(C1C(C)CCCC1C)C(C)C(=O)OC,0.87
CC(C)CC(C)C(C)C.CCCC(C)CC(C)C.CCCCC(C)C(C)C,3.35
O=[N+]([O-])C1CCCC([N+](=O)[O-])C1,0.7707725
COC1CC(Cl)C(Cl)CC1Cl,2.7862812
CC1C(C2CCC(Cl)CC2)SC(=O)N1C(=O)NC1CCCCC1,3.04
ClC1CCCCC1-C1CCCCC1Cl,3.58
CCC(C)C1CCC(O)CC1,1.364494734
O=S(=O)(O)C1CCC2CC(O)C(S(=O)(=O)O)CC2C1,0.300000005
BrC1CCC(Br)C(Br)C1,3.46489505
NC1CCCC2C1C(=O)C1CCCCC1C2=O,2.048782075
CC12C=CC3=C4CCC(=O)C=C4CCC3C1CCC2O,1.10992
ClC1CCC(-C2CC(Cl)C(Cl)CC2Cl)C(Cl)C1,4.86
CCCN(CCCl)C1C([N+](=O)[O-])CC(C(F)(F)F)CC1[N+](=O)[O-],1.51001
ClC1CCC(-C2CC(Cl)CCC2Cl)C(Cl)C1,4.26
COP(=S)(OC)OC1CCC(SC2CCC(OP(=S)(OC)OC)CC2)CC1,3.36
O=C(NC(=O)C1CCCCC1Cl)NC1CCC(OC(F)(F)F)CC1,2.79
CCOP(=S)(OCC)OC(Cl)C(Cl)(Cl)Cl,3.4
O=C(NC(=O)C1C(F)CCCC1F)NC1CC(Cl)C(OC(F)(F)C(F)C(F)(F)F)CC1Cl,3.72
CC1NC2CCCCC2N1CC1CCC2C(C1)NC(CNC1CCC(C(=N)N)CC1)N2C,1.40993
CC(C)C(NC1CCC(C(F)(F)F)CC1Cl)C(=O)OC(C#N)C1CCCC(OC2CCCCC2)C1,2.3
CCN(CC)CC,0.445
CC1=C(C(=O)NC2CCCCC2)S(=O)(=O)CCO1,-0.05
CCCSP(=S)(OCC)OC1CCC(Cl)CC1Cl,3.3875
CCCCOS(=O)(=O)C1CCCC2CCCCC12.[Na],0.18
CCC,3.4
CC(C)=CC(C)(C)CC(C)(C)C,3.42
ClC1CCC(-C2CCCCC2Cl)CC1,3.725
ClC(CC(Cl)(Cl)Cl)OC(Cl)CC(Cl)(Cl)Cl,3.38
COP(=S)(OC)OC1CCC(S(C)=O)C(C)C1,0.128641205
O=[N+]([O-])C1CCCC(Cl)C1,1.89
CC(C)CN1CCOCC1,0.213706145
COC(=O)C1(Cl)CCCC2(C)C3CCC(C(C)C)CC3CCC12,2.22
C1CCCCCCCCCCC1,3.959375
CC1CC(N=NC2CC(S(=O)(=O)O)C3CCCC(S(=O)(=O)O)C3C2)CCC1NC1NC(NCCO)NC(NC2CCC(N=NC3CC(S(=O)(=O)O)C4CCCC(S(=O)(=O)O)C4C3)CC2C)N1,0.5
ClC1CCC(-C2C(Cl)C(Cl)C(Cl)C(Cl)C2Cl)C(Cl)C1Cl,5.92
NC1CCC2C(O)CC(S(=O)(=O)O)CC2C1,0.11
O=C=NC1CCC(CC2CCC(N=C=O)CC2)CC1,2.35
O[Si](C1CCCCC1)(C1CCCCC1)C1CCCCC1,2.850642275
COC1CCC(C(=O)C2CCCCC2)C(O)C1,2.03
ClC1CCCC(Cl)C1,2.579964525
ClC1CCC(C2(CN3CNCN3)OCCO2)C(Cl)C1,1.28
CC1CC(C2CC2)NC(NC2CCCCC2)N1,2.591103125
O=S(=O)([O-])C1CCCC2CC(CC3CCC4C(S(=O)(=O)[O-])CCCC4C3)CCC12.[Na+].[Na+],1
C1CC2CCC3CCCC4CCC(C1)C2C34,2.73
ClC1=CC(Cl)(C2CCCCC2)C(Cl)C(Cl)=C1Cl,3.84
CCCCCCCCCCCCSP(=O)(SCCCCCCCCCCCC)SCCCCCCCCCCCC,0.09
CCOP(=O)(OCC)SCC1CCCCC1,1.51
CC(C)C1CC2CCCCC2C(C(C)C)C1C(C)C,3.7
COC1C(Cl)CCC(Cl)C1C(=O)O,1.18
O=[N+]([O-])C1CC(C(F)(F)F)C(Cl)C([N+](=O)[O-])C1Cl,2.46
COC1CC(OC2C(C)OC(OC3C(C)=CCC4CC(CC5(CCC(C)CO5)O4)OC(=O)C4C=C(C)C(O)C5OCC(=CC=CC3C)C45O)CC2OC)OC(C)C1O,1.84
CCCCCCCCCC1CCCCC1OP(=O)(OC1CCCCC1)OC1CCCCC1,2.84
O=[Cr](=O)=O,1.365
COC1NCC(F)C2NC(S(=O)(=O)NC3C(F)CCCC3F)NN12,0.178512813
C1=CCCCC1,1.48
C1CCC(CCCC2CCNCC2)CC1,1.765005
CC1CCC2CCCCC2N1,0.48
CC1sC(=O)C(-C2CCCCC2)C(O)C1C(=O)O,1.89
CN(C)C1C(=O)C(C(N)=O)C(=O)C2(O)C(O)=C3C(=O)C4C(O)CCCC4C(C)(O)C3C(O)C12,-0.43
NC1CCCC2CCCC(N)C12,0.75966663
CC1CCCCC1N=NC1CCC(NN=C2C(=O)C=CC3CCCCC32)C(C)C1,0.75
COP(=O)(NC(C)=O)SC,-1.52
ClC1CC(Cl)CC(-C2CC(Cl)CC(Cl)C2)C1,4.865
CCCCCCCCCCCCOS(=O)(=O)C1CCCCC1.[Na],2.01999
CCCCCl,1.210716725
CCCC1CCC(C2CCC(I)CC2)CC1,2.83
CCC(C)(NC(=O)C1CC(Cl)C(C)C(Cl)C1)C(=O)CCl,2.06
CC(C)(C)C1CC(CN2C(=O)N(CC3CC(C(C)(C)C)C(O)C(C(C)(C)C)C3)C(=O)N(CC3CC(C(C)(C)C)C(O)C(C(C)(C)C)C3)C2=O)CC(C(C)(C)C)C1O,0.024075
C1CCC(OP(OC2CCCCC2)OC2CCCCC2)CC1,2.3911129
NCCNCCNCCN,0.2
O=S(=O)(O)C1CC(NC2NC(NC3CCCCC3)NC(N(CCO)CCO)N2)CCC1C=CC1CCC(NC2NC(NC3CCCCC3)NC(N(CCO)CCO)N2)CC1S(=O)(=O)O,0.840055
O=[N+]([O-])C(Br)(CO)CO,-0.55
CC1=NN(C2CCCCC2)C(=O)C1N=NC1CCC(-C2CCC(N=NC3C(=O)N(C4CCCCC4)NC3C)C(Cl)C2)CC1Cl,0.6
CCOP(=S)(OCC)SCCS(=O)(=O)CC,0.52
O=S(=O)(C1CCC(Cl)CC1)C1CC(Cl)C(Cl)CC1Cl,2.28
CC(=O)C(N=NC1CCC(-C2CCC(N=NC(C(C)=O)C(=O)NC3CCC(C)CC3)C(Cl)C2)CC1Cl)C(=O)NC1CCC(C)CC1,0.48996
NC1C(S(=O)(=O)[O-])CC(S(=O)(=O)[O-])C2CCCC(O)C12,0.57
CC1CC(-C2CCC(N)C(C)C2)CCC1N,1.612824075
CC(C)C(C(=O)OC(C#N)C1CCCC(OC2CCCCC2)C1)C1CCC(OC(F)F)CC1,3.72
CCCCCCCCCCC(C)C1CCCCC1,2.17
COP(=O)(OC)OC(C)=CC(=O)N(C)C,1.88
ClC1CC2C(CC1Cl)OC1CC(Cl)C(Cl)CC1O2,4.6816425
CCCCCCCCC=CCCCCCCCCC(CC(=O)O)C(=O)O,0.220055
C=CC1CCC(S(=O)(=O)O)CC1,0.1
ClC1CC2C(C(Cl)C1Cl)OC1CC(Cl)C(Cl)C(Cl)C1O2,3.755
O=S(=O)([O-])C1CC(NC2NC(NC3CCCCC3)NC(N3CCOCC3)N2)CCC1C=CC1CCC(NC2NC(NC3CCCCC3)NC(N3CCOCC3)N2)CC1S(=O)(=O)[O-].[Na+].[Na+],1.00988
CC1CC(C(C)(C)C)C(O)C(C(C)(C)C)C1,3.115
CC1CCC([N+](=O)[O-])CC1S(=O)(=O)O,0.1
C1CCC(-C2CCC(OC3CCC(-C4CCCCC4)CC3)CC2)CC1,3.14
C1CC2C3C(CCCC3C1)CC2,2.92
CCCCCCCCCCCCCCCCCC(=O)CCCCCCCCCCCCCCCCC,1.14995
ClCCCCCCCCCl,2.78
COC1NN(CSP(=S)(OC)OC)C(=O)s1,0.735
CC1CCC2CC3CCCCC3CC2C1,2.410000025
O=C(O)C1CCCCC1Cl,0.75
C=C(CC(C)(C)C1CCCCC1)C1CCCCC1,3.55
CNS(=O)(=O)C(F)(F)C(F)(F)C(F)(F)C(F)(F)C(F)(F)C(F)(F)C(F)(F)C(F)(F)F,2.27989
ClC1C(Cl)C(Cl)C2C(OC3C(Cl)C(Cl)C(Cl)C(Cl)C32)C1Cl,2.89
ClCC(Cl)(Cl)CCl,1.61052305
O=C1C=CC(=NC2CCCCC2)C=C1,1.3
OC1CC(Cl)C(Br)CC1Cl,2.264995
C1=CC(C2CCC(C3CC=CCC3)CC2)CCC1,4.215
O=C(O)C1(C2CCCCC2)CCCCC1,0.72997
FC(F)(F)C1CCCC(Cl)C1,2.32748865
CC1CCC(N=NC2C(O)CCC3CCCCC23)C([N+](=O)[O-])C1,0.45939
COC1C(O)CC(Cl)C(Cl)C1Cl,2.47999875
O=C1C=CC=C2C(=O)C(NNC3CC(Cl)CC(S(=O)(=O)[O-])C3O)=CC=C12,0.32
NC1CCCC(O)C1,1.22
C[Si](C)(C)O[Si](C)(C)O[Si](C)(C)O[Si](C)(C)O[Si](C)(C)C,3.13
CC1CCCCC1NC(=O)CC(CC(=O)NC1CCCCC1C)C(=O)NC1CCCCC1C,1.409965
COC1CCC(NC2CCC(OC)CC2)CC1,1.88
CC1CC(NC2NC(NCCO)NC(NC3CCC(N=NC4CC(S(=O)(=O)[O-])C5CCCC(S(=O)(=O)[O-])C5C4)C(C)C3)N2)CCC1N=NC1CC(S(=O)(=O)[O-])C2CCCC(S(=O)(=O)[O-])C2C1.[Na+].[Na+].[Na+].[Na+],0.5
CC(C)(C)C1CCC(O)C(C(C)(C)C)C1,2.4877029
CC(C)C1CCCC2CCCCC21,3.58
O=C(O)C1CCCC([N+](=O)[O-])C1C(=O)O,0.55
OC(CC1CCCCC1Cl)(CN1NC[NH]C1=S)C1(Cl)CC1,1.27
N#CC(CCC1CCC(Cl)CC1)(CN1CNCN1)C1CCCCC1,2.2
CN1C(=O)ON(-C2CCC(Cl)C(Cl)C2)C1=O,1.51
O=S(=O)(O)C(F)(F)C(F)(F)C(F)(F)C(F)(F)C(F)(F)C(F)(F)C(F)(F)C(F)(F)F.[K+],2.45939
CC1CC(=O)[NH]C(C(C)C)N1,0.11
CCCCCCCCCCCCCOCCOCCOCCOCCOCCOCCOCCOCCO,1.5
COC1CC(Cl)C(Cl)C(Cl)C1Cl,3.429969625
CCCCOCCO,-0.22
CCCCC1CCC2CCCCC2C1S(=O)(=O)[O-],-0.18
C=CC1CCCCC1,1.13
CCCCCCCCC1CCC(NC2CCC(CCCCCCCC)CC2)CC1,0.79
CCC1CC2CCCCC2C2CCCCC12,2.71452805
CC1CC(OCC2CO2)CC(Br)C1Br,1.11
C#CCOC(=O)C(C)OC1CCC(OC2NCC(Cl)CC2F)CC1,1.53
CC1COCC2CC3C(CC21)C(C)(C)C(C)C3(C)C,3.02
COC1CC(Cl)C(Cl)C(Cl)C1OC,3.5
O=C(O)C1CCC2CC(C(=O)O)CCC2C1,0.617369215
BrC1CC(Br)CC(Br)C1,3.97
CC(C)N(C(=O)SCC(Cl)=CCl)C(C)C,2.88
C1=CC2CCCC3CCCC1C23,2.515652375
C=CCCCCCCCCCC,3.400000025
NC1CCC(CC2CCC(N)C(Cl)C2Cl)C(Cl)C1Cl,3.405
CC(C)(C)N,0.930015
O=C([O-])C1CCN[NH]1,1.07004
ClC1CCC2C(C1)OC1C(Cl)CCCC12,3.01
O=[N+]([O-])C1CCC(Cl)C(S(=O)(=O)[O-])C1,0.15
O=C(NC(=O)C1C(F)CCCC1F)NC1CCC(OC(F)(F)C(F)OC(F)(F)F)C(Cl)C1,3.32
C=CCOP(=O)(OCC=C)OCC=C,-0.005
CC1(C)C(C=C(Cl)Cl)C1C(=O)OC(C#N)C1CCC(F)C(OC2CCCCC2)C1,2.7
CC(C)(C)OO,0.420035
CON=C(C1=NOCCO1)C1CCCCC1OC1NCNC(OC2CCCCC2Cl)C1F,1.72
CN1CC(-C2CCCCC2)C(=O)C(-C2CCCC(C(F)(F)F)C2)C1,1.99
O=NN(C1CCCCC1)C1CCCCC1,1.4759551
NCCNCCO,0.285
O=C(ON=C1C=CC(=NOC(=O)C2CCCCC2)C=C1)C1CCCCC1,0.433314215
OCC(F)(F)C(F)(F)C(F)(F)C(F)(F)C(F)(F)C(F)(F)C(F)(F)C(F)(F)C(F)(F)C(F)F,3.36
O=C(O)C(F)(F)C(F)(F)C(F)(F)C(F)(F)C(F)(F)C(F)(F)C(F)(F)C(F)(F)C(F)(F)C(F)(F)F,3.526241195
CC1CC(S(=O)(=O)O)C(N=NC2C(O)C(C(=O)O)CC3CCCCC23)CC1Cl,0.3
OC(C1CCC(Cl)CC1)(C1CCC(Cl)CC1)C1CCC(Cl)CC1,3.95
CCCCCCCCCCCCCCCC,2.163462675
CCC(C)C1CCC(OCC(O)CO)CC1,0.68
CC1C(COC(=O)C2C(C=C(Cl)C(F)(F)F)C2(C)C)CCCC1-C1CCCCC1,3.505
NC1NC(N)NC(N)N1,0.33
CC1(C)C(C=C(Cl)Cl)C1C(=O)OCC1CCCC(OC2CCCCC2)C1,2.65
COC1CCCCC1NC(=O)C(N=NC1CCC(-C2CCC(N=NC(C(C)=O)C(=O)NC3CCCCC3OC)C(Cl)C2)CC1Cl)C(C)=O,0.48998
CC(C)CC(C)C1sCCC1N,1.780015
CNC(=O)OC1CC(C)CC(C)C1,0.32208289
CCC(C)C1OC2(CCC1C)CC1CC(CC=C(C)C(OC3CC(OC)C(OC4CC(OC)C(O)C(C)O4)C(C)O3)C(C)C=CC=C3COC4C(O)C(C)=CC(C(=O)O1)C34O)O2,1.74997
O=C(O)C1(C(=O)NC2CCC(Cl)CC2Cl)CC1,-0.398455003
ClC1=C(Cl)C2(Cl)C3C4CC(C5OC45)C3C1(Cl)C2(Cl)Cl,3.885
CCC1CCC(C(=O)NN(C(=O)C2CC(C)CC(C)C2)C(C)(C)C)CC1,1.845
CCN(CC)C(=O)C1CCCC(C)C1,0.317925262
ClC1CC(Cl)C(Cl)C(-C2C(Cl)C(Cl)C(Cl)C(Cl)C2Cl)C1,5.88
O=[N+]([O-])C1CC([N+](=O)[O-])C(O)C([N+](=O)[O-])C1,0.1
CN1CC(C(O)=NC2CCCC3C2C2CCC3C2=C(Cl)Cl)C(C(F)F)N1,2.48
CC=CC=CC=CC=CC1CC(=O)N(CCCCCC(=O)O)C1=O,1.71
CC1CCCNC1,0.95
CC(C)OC1CC(-N2NC(C(C)(C)C)OC2=O)C(Cl)CC1Cl,2.485
N#CCCN(CCOC(=O)C1CCCCC1)C1CCC(N=NC2CCC([N+](=O)[O-])CC2)CC1,0.83927627
NC1CC(S(=O)(=O)O)C(O)C2C1C(=O)C1C(O)C(S(=O)(=O)O)CC(N)C1C2=O,0.31
NC1CCC(Cl)C(Cl)C1Cl,2.0025
ClC1CCC(OC2CC(Cl)C(Cl)CC2Cl)CC1Cl,4.079999975
CCOP(=S)(OCC)SCN1NNC2CCCCC2C1=O,2.205
CC(C)(C1CCCCC1)C1CCC(O)CC1,2.21
CS(=O)(=O)NC(=O)C1CC(OC2CCC(C(F)(F)F)CC2Cl)CCC1[N+](=O)[O-],0.779537818
OC1CCCC(Cl)C1,1.11814425
CC(C1CCCCC1)C1CCC(O)C(C(C)C2CCCCC2)C1C(C)C1CCCCC1,2.465
CC1CCCCC1O,1.03
ClC1CC(-C2C(Cl)C(Cl)C(Cl)C(Cl)C2Cl)C(Cl)C(Cl)C1Cl,5.71
CCCCC(CC)COP(=O)(O)OCC(CC)CCCC,0.611539226
NC1CCC([N+](=O)[O-])CC1,0.6724312
NC1CCC2C(C1)C(=O)C1CCCCC1C2=O,1.563884325
ClC1CCC(-C2CCC(Cl)C(Cl)C2Cl)CC1,4.58
CC(C)(CO)CO,0.415
CCCN(CC1CC1)C1C([N+](=O)[O-])CC(C(F)(F)F)CC1[N+](=O)[O-],1.58995
BrC1CCCC(Br)C1-C1C(Br)CCCC1Br,4.97
CCCCCCC(C)(C1CCC(OC(F)(F)C(F)F)CC1)C1CCC(OC(F)(F)C(F)F)CC1,2.85
N#CNC(=N)N,-0.015758526
C1CCC2sC(SSC3NC4CCCCC4s3)NC2C1,1.21254995
CCOC(=O)C(Cl)=CC1CC(N2C(=O)C3=C(CCCC3)C2=O)CCC1Cl,1.38
C=CCCC(CC)CCCC,3.430000017
O=[N+]([O-])C1C(Cl)CC(Cl)CC1Cl,2.601891325
CC1CC(C)(C)CC(OOC(C)(C)C)(OOC(C)(C)C)C1,3.99
O=C(O)C1C(C(=O)O)C2(Cl)C(Cl)=C(Cl)C1(Cl)C2(Cl)Cl,0.075
O=[N+]([O-])C1CCC(O)CC1C(F)(F)F,1.1
CC1C2CC(CC2C2CCCC(O)C2)C1(C)C,2.86
CCN(CC)C1CCC2C(-C3CCCCC3C(=O)[O-])C3CCC(=[N+](CC)CC)CC-3OC2C1,-0.23
COC1CCC(O)C(C(C)(C)C)C1,1.250035
CC(=O)C1CC2C(CC1C)C(C)(C)C(C)CC2(C)C,2.78
CC(C)C1C(Cl)CC2C(C1Cl)CCC1C(C)(C(=O)O)CCCC21C,2.18
ClC1CCC(Cl)CC1,2.71
FP1(F)=NP(F)(F)=NP(F)(OC2CCCCC2)=N1,1.710015
CC1CC2C(CC1NC1CCCCC1)C1(OC(=O)C3CCCCC31)C1CCC(NCC3CCCCC3)CC1O2,3.45
CC1CC(Br)C(C)CC1Br,3.16
CC(C)C,3.415
CCCCNC(=O)N1C(NC(=O)OC)NC2CCCCC21,1.43038095
O=C(C=C(O)C(F)(F)F)C(F)(F)F,0.88649
CN(C)C1NC(=O)N(C2CCCCC2)C(=O)N1C,0.843774505
NC1C(S(=O)(=O)O)CC(NC2CCCC(S(=O)(=O)CCOS(=O)(=O)O)C2)C2C1C(=O)C1CCCCC1C2=O,0.6
ClC1CC(-C2CC(Cl)C(Cl)C(Cl)C2Cl)C(Cl)C(Cl)C1Cl,5.52
O=[N+]([O-])C1CCCCC1O,1.17
O=C1CCC2CCCCC2O1,1.46
CCCCCCCCCCCC(=O)[O-].[Na+],2.4
CNC(=O)ON=CC(C)(C)SC,1.62
O=C(O)C(F)(F)C(F)(F)C(F)F,0.42325
C=C1C(CCl)(CCl)C2(Cl)C(Cl)C(Cl)C1(Cl)C2(Cl)Cl,4
ClC(Cl)C(Cl)(Cl)Cl,1.815015
CCOCC,0.605
C1COCCO1,-0.27939337
ClC1CC2CCCCC2C2CCCCC12,3.47600935
COP(=S)(OC)SCN1NNC2CCCCC2C1=O,1.554975
CCCCCC1CCC2C(C1)C(=O)C1CCCCC1C2=O,3.015
CN(C)C1CCC(C(=N)C2CCC(N(C)C)CC2)CC1.Cl,1.07
C1CCC2N[NH]NC2C1,0.83
CCCCC(C)C(C)C,3.319999984
COP(=S)(OC)OC1NC(Cl)C(Cl)CC1Cl,3.26
O=C(O)C(F)(F)C(F)(F)C(F)(F)C(F)(F)C(F)(F)C(F)(F)C(F)(F)C(F)(F)F,2.637345
CC(C)C1CCCCC1C(C)C,2.775
CN(C)CCOC(C1CCCCC1)C1CCCCC1,1.72997
CC1CCCC(OP(=O)(OC2CCCC(C)C2)OC2CCCC(C)C2)C1,2.309995
CN1CSC(=S)N(C)C1,0.49
NC1CCCCN1,1.04
CCCCCCC1CCC(O)CC1,2.28999
CC1CCCCC1OC1CCCCC1C,2.52
COC(=O)C1CC(C(=O)OC)CC(S(=O)(=O)[O-])C1.[Na+],-0.52288
OCCO,-0.5
CC(C)=CC=C(C)C,2.438900125
CC1(C)CCC(=CC2CCC(Cl)CC2)C1(O)CN1CNCN1,0.779851878
CC1CCCCC1NC(=O)NC1CCCCC1,1.92
CCCCCCCCCCCCCCCC(=O)O,2.85
CC1CCCC2CCCCC12,2.11
N#CCCN(CCC#N)C1CCC(N=NC2C(Cl)CC([N+](=O)[O-])CC2Cl)CC1,1.579593025
ClC1CC(Cl)C(-C2CC(Cl)CCC2Cl)C(Cl)C1,4.579999975
OC1C(Cl)CC(Cl)C2CCCCC12,1.185
C=CC1CCC(C2CCC(CCC)CC2)CC1,2.89
ClCC(Br)CBr,1.118980575
OCC(CO)(CO)COCC(CO)(CO)CO,0.31
CC1(C)CC(O)CC(C)(C)N1,0.011715
O=P(OC(CCl)CCl)(OC(CCl)CCl)OC(CCl)CCl,1.18
CC1CCC(O)C(-N2NC3CCCCC3N2)C1,2.4075
CCCCOCCOP(=O)(OCCOCCCC)OCCOCCCC,0.67
CCOC(=O)C(SP(=S)(OC)OC)C1CCCCC1,1.65667
CN(C)C1CSSC1,1.73102845
O=C(O)C(F)(F)C(F)(F)C(F)(F)C(F)(F)C(F)(F)C(F)(F)C(F)(F)F,1.50515
NC1C(Cl)C(Cl)NC(C(=O)O)C1Cl,-1.7
COP(=S)(OC)OC1CCC(SC)C(C)C1,2.511308775
COC1CCCCC1[N+](=O)[O-],0.595
CC1CCC2CC3C(CCC4CCCCC43)C3C2C1CC3,3.17
ClC1CCC(Cl)C(-C2C(Cl)C(Cl)CC(Cl)C2Cl)C1,5.435
COC1CCC(C)CC1N,0.685
ClC1CCC2CCC(Cl)CC2C1,4.04
CCCC(NOCC)=C1C(=O)CC(CC(C)SCC)CC1=O,1.35
COC1CC(Cl)C(Cl)C(Cl)C1,3.09
CCCCCCCCCCCCSCCC(=O)OC1CC(C)C(SC2CC(C(C)(C)C)C(O)CC2C)CC1C(C)(C)C,1.49
COP(=S)(OC)OC1C(Cl)CCCC1C#N,2.33
CC1(C)C(C=C(Br)Br)C1C(=O)OC(C#N)C1CCCC(OC2CCCCC2)C1,2.83
NC1CCC(-C2CCC(N)C(Cl)C2Cl)C(Cl)C1Cl,3.38
CC(=O)C1=C(C)C2CC3(C1)C(C)CCC3C2(C)C,2.895
CCCCCCS(=O)(=O)C1CCC(NC2CCC3C4C2C(=O)C2CCCCC2-C4C(C(=O)C2CCCC(S(=O)(=O)O)C2)C(=O)N3C)C(S(=O)(=O)O)C1,1.85
CNC(=O)OC1CCCCC1OC(C)C,1.88
O=[N+]([O-])C1CCC(O)CC1,0.735
CC(C)C1CC(C(C)C)C2CCCC(C(C)C)C2C1,3.93
O=P(O)(O)C(F)(F)C(F)(F)C(F)(F)C(F)(F)C(F)(F)C(F)(F)C(F)(F)C(F)(F)F,1.92
ClC(COCC(Cl)C(Cl)(Cl)Cl)C(Cl)(Cl)Cl,3.441971333
O=[N+]([O-])C1CCC2NC[NH]C2C1,0.29
NC1CCCC(Cl)C1,0.33
FC(F)(F)C1CCC(Cl)C(Cl)C1,3.1790228
O=[N+]([O-])N1CN([N+](=O)[O-])CN([N+](=O)[O-])CN([N+](=O)[O-])C1,-0.3
ClC1CC(Cl)C(-C2CCCCC2Cl)CC1Cl,5
CC1CCC(C(C)NC(=O)C(NC(=O)OC(C)C)C(C)C)CC1,1
COC(=O)N(C(=O)N1COC2(C(=O)OC)CC3CC(Cl)CCC3C2=N1)C1CCC(OC(F)(F)F)CC1,2.72
CC1CCC2C(C1)CCCC2(C)C,3.329999975
ClC1CCC(-C2CCC(Cl)C(Cl)C2)CC1,4.58
OCC(F)(F)OC(F)(F)C(F)(F)OC(F)(F)CO,0.854306042
NC1CCCCC1-C1CCCCC1,1.44999915
O=NN(O)C1CCCCC1,0.445
CCCSP(=O)(OCC)OC1CCC(Br)CC1Cl,3.07
CCC(C)=NO,0.44
C=CC(=C)C,1.173263375
CC1CCCCC1OP(=O)(OC1CCCCC1C)OC1CCCCC1C,2.9
BrC1CCC(-C2CCC(Br)C(Br)C2Br)C(Br)C1Br,1.20003
ClCC1(C(Cl)Cl)C2CC(Cl)(Cl)C1(CCl)C(Cl)C2Cl,4.04
CCOP(=S)(CC)SC1CCCCC1,2.034985
CC(C)CCCCCCCCCCO,2.73
CCCCCCCCCCCCCOC(=O)C1CCCCC1C(=O)OCCCCCCCCCCCCC,1.17
CCOC1CC(OP(=S)(OC)OC)NC(CC)N1,2.53
CC(C)(C)CC(C)(C)C1CC(O)C(C(C)(C)CC(C)(C)C)CC1O,2.450005
ClC1=C(Cl)C2(Cl)C3C4OC4C(Cl)C3C1(Cl)C2(Cl)Cl,4.04
CC(C)OC(=O)C(O)(C1CCC(Cl)CC1)C1CCC(Cl)CC1,3.63
CC1CCCC(OC2CCCCC2)C1,3.24
C=C1C2CCC(C2)C1(C)C,2.969990317
O=S(=O)([O-])C1CC(S(=O)(=O)[O-])C2C(N=NC3CCC(S(=O)(=O)[O-])C4CCCCC34)C(O)CCC2C1.[Na+].[Na+].[Na+],0.74974
CC1CC(CC2CCCCC2)CCC1CC1CCCCC1,4
CC(O)COC(C)COC(C)CO,-0.035515
ClC1CC(Cl)C(-C2CCCCC2Cl)C(Cl)C1,3.975
CCCCCCCCCCCCCCCCCCS,-0.04
C=CC(F)(F)C(F)(F)C(F)(F)C(F)(F)C(F)(F)C(F)(F)F,2.58
ClC1CC(Cl)C(-C2CCC(Cl)C(Cl)C2Cl)CC1Cl,5.51
CC1CCCCC1C,1.155
OC1CCC(Br)CC1Br,1.494995
CCCCCCCCC1CCC(O)CC1,2.28
CC1CCsC1,0.685
CC(C)(C1CCC(OC(F)(F)C(F)F)CC1)C1CCC(OC(F)(F)C(F)F)CC1,4.35
CC(C)=NOCCOC(=O)C(C)OC1CCC(OC2CNC3CC(Cl)CCC3N2)CC1,2.77
O=S(=O)([O-])C1CC(S(=O)(=O)[O-])C2CC(O)CCC2C1,0
ClC1C(Cl)C(Cl)C2CCCCC2C1Cl,3.515
C1CCC(CC2CCCCC2)CC1,2.978756175
ClC1CCCC2CCCCC12,2.54
CCCN(CCC)C1C([N+](=O)[O-])CC(C(C)C)CC1[N+](=O)[O-],4.23
NC1CCCCC1,0.26
CC1CCC(C(C)(C)C)C(O)C1,1.86
CN(C)C1C(=O)C(=C(N)O)C(=O)C2(O)C(=O)C3=C(O)C4C(O)CCCC4C(C)(O)C3C(O)C12,-0.22
CCOP(=S)(OCC)OC1CCC(Cl)CC1Cl,3.48
C[Si]1(C)O[Si](C)(C)O[Si](C)(C)O[Si](C)(C)O1,4.0838132
CC(C)(O)C(Cl)(Cl)Cl,0.27767273
CCOP(=S)(NC(C)C)OC1CCCCC1C(=O)OC(C)C,2.0525
O=C(O)C(F)(F)C(F)(F)C(F)(F)F,0.717635
CC(C)CC(C)(C1CCC(OC(F)(F)C(F)F)CC1)C1CCC(OC(F)(F)C(F)F)CC1,3.76
CCC(C)C1OC2(C=CC1C)CC1CC(CC=C(C)C(OC3CC(OC)C(OC4CC(OC)C(O)C(C)O4)C(C)O3)C(C)C=CC=C3COC4C(O)C(C)=CC(C(=O)O1)C34O)O2.COC1CC(OC2C(C)OC(OC3C(C)=CCC4CC(CC5(C=CC(C)C(C(C)C)O5)O4)OC(=O)C4C=C(C)C(O)C5OCC(=CC=CC3C)C45O)CC2OC)OC(C)C1O,1.84
NC(=NC1CCCCC1)NC1CCCCC1,0.9
CC(C)(C)C1NN(-C2NC(O)NC(-N3NC(C(C)(C)C)C(N=NC4C(C#N)CNN4-C4CC(C(=O)O)CC(C(=O)O)C4)C3N)N2)C(N)C1N=NC1C(C#N)CNN1-C1CC(C(=O)O)CC(C(=O)O)C1,0.4
CC(C)C1CCCCC1-C1CCCCC1,3.84
CC(C)C1CCCCC1OP(=O)(OC1CCCCC1C(C)C)OC1CCCCC1C(C)C,1.48
COC1C(Cl)CCC(Cl)C1Cl,2.528891175
O=[N+]([O-])C1CCC2[NH]CNC2C1,0.27366961
CNC(=O)OC1CC(C)C(C)C(C)C1,1.56
CCCCCCC(CCCC)COCC(C[N+]1=CC2CCCCC2CC1)OS(=O)(=O)[O-],1.03
ClC1CCC(C(C2CCC(Cl)CC2)C(Cl)(Cl)Cl)CC1,4.3
C1CCC2=NCCCN2CC1,-0.15897
OC1C(Cl)CC(Cl)C(Cl)C1Cl,1.78
C=COCC(CC)CCCC,2.935
CC1CC([N+](=O)[O-])CC([N+](=O)[O-])C1O,0.25
ClC1CC(Cl)C2C(Cl)CCC(Cl)C2C1,4.4
[N-]=[N+]=C(S(=O)(=O)C1CCCC2(C1)OCCO2)S(=O)(=O)C1CCCC2(C1)OCCO2,1.43
O=S(=O)(C1CCC(Cl)CC1)C1CCC(Cl)CC1,1.914985
O=C1C2C(O)CCC(NC3CCCCC3)C2C(=O)C2C([N+](=O)[O-])CCC(O)C21,1.29
C1CCNCC1,1.94
CCCCCCCCCCCCCCCCCCOC(=O)CCC1CC(C(C)(C)C)C(O)C(C(C)(C)C)C1,0.96006
C=C(C)C(=O)OCCC[Si](OC)(OC)OC,0.785165
C1CCC2sC(SSC3=NC4CCCCC4S3)NC2C1,1.15
CC1C([N+](=O)[O-])CC([N+](=O)[O-])CC1[N+](=O)[O-],0.9
CC(C)(C)C1CCCCC1OP(=O)(OC1CCCCC1)OC1CCCCC1,3.03
CCCCC(CC)COP(=O)(O)CC(CC)CCCC,0.599835
O=C1C(=NNC2CC(Cl)CC(S(=O)(=O)O)C2O)C=CC2C(O)CCCC21,0.39
ClC1CCC(Cl)C(-C2CCCCC2)C1,3.92
CCCCCCCCCCCC,2.59
CCCCN(CCCC)C1CCC([N+](=C2C=CC(=[N+](C3CCC(N(CCCC)CCCC)CC3)C3CCC(N(CCCC)CCCC)CC3)C=C2)C2CCC(N(CCCC)CCCC)CC2)CC1,1.8
CCC1CCCC(-C2CCCCC2)C1CC,3.76
O=C1CCC(=O)[NH][NH]1,-0.2
OCC(CO)(CBr)CBr,0.296140688
COP(=O)(OC)OC1CCC([N+](=O)[O-])C(C)C1,0.34
COC(=O)C1CCCCC1S(=O)(=O)NC(=O)NC1NC(C)NC(OC)N1,0
CC(C)C1CC(OP(=O)(OC2CCCCC2)OC2CCCCC2)CC(-C2CCCCC2)C1,3.45
CC1(C)CCC(CC2CCC(Cl)CC2)C1(O)CN1CNCN1,2.11
CCNP(=S)(OC)OC(C)=CC(=O)OC(C)C,2.55
OC1CCC(Cl)CC1CC1CC(Cl)CCC1O,2.14169735
CNC1=C(C2CCCC(C(F)(F)F)C2)C(=O)C(C2CCCCC2)O1,1.44
S=C1NCCN1,-0.015
ClC1CCC(OC2CCC(Cl)CC2Cl)C(Cl)C1,4.139999975
OC1NC(O)NC(O)N1,-0.56275751
CC(C)OC(C)(C)C,0.759835
CNC(=O)CSP(=S)(OC)OC,0.18
NC1CCC(S(=O)(=O)[O-])C2CCCCC12,0.45
C#CCOCOC1CCC(Cl)CC1,2.08
CC(C)(C1CCCCC1)C1CCC(NC2CCC(C(C)(C)C3CCCCC3)CC2)CC1,1.839985
S=C(SSSSC(=S)N1CCCCC1)N1CCCCC1,1.175
CCCC(Cl)CCC(Cl)CC(Cl)C(Cl)CCC(Cl)CCC(Cl)C(Cl)CC(C)Cl,2
CCC(C)(CC)C1CC(NC(=O)C2C(OC)CCCC2OC)ON1,1.85
CCNS(=O)(=O)C(F)(F)C(F)(F)C(F)(F)C(F)(F)C(F)(F)C(F)(F)C(F)(F)C(F)(F)F,2.057485
C=CCCCCCCCC,3.22
ClC1CC(Cl)CC(-C2CC(Cl)CCC2Cl)C1,4.849999975
ClC1=C(Cl)C2(Cl)C3C(Cl)C=CC3C1(Cl)C2(Cl)Cl,3.963362675
CCN(CC1CCCC(S(=O)(=O)[O-])C1)C1CCC(C(=C2C=CC(=[N+](CC)CC3CCCC(S(=O)(=O)O)C3)C=C2)C2CCCCC2S(=O)(=O)O)CC1.N,0.78032
CCN(CC)C(=O)SCC1CCC(Cl)CC1,2.25
CCOC1CCC(Br)C(F)C1F,2.69
CCCC1COC(CN2CNCN2)(C2CCC(Cl)CC2Cl)O1,2.061124475
CCN=C=NCCCN(C)C,-0.06938
COC1CCC(N=NC2C(S(=O)(=O)O)CC3C(S(=O)(=O)O)C(N=NC4C(S(=O)(=O)O)CC5CC(S(=O)(=O)O)C(N=NC6CCC7C(O)C(N=NC8CCCCC8S(=O)(=O)O)C(S(=O)(=O)O)CC7C6)C(O)C5C4N)CCC3C2O)C(S(=O)(=O)O)C1,0.48
NC1CCNCC1,0.44
CC.CC.CC.[Cl-].[Cl-].[Cl-],0.615
CC(=O)OCCN(CCOC(C)=O)C1CCC(N=NC2NC3CCC(Cl)CC3s2)C(NC(=O)C2CCCCC2)C1,1.220055
CCNC1NC(NC(C)C)NC(SC)N1,1.51996
C=C1CCC2CC1C2(C)C,2.61
CC1CCC(O)CC1[N+](=O)[O-],1.020923775
CC1CCCC(C)C1C,2.312858025
COC(=O)C1CC(OC2CCC(Cl)CC2Cl)CCC1[N+](=O)[O-],3.18
CC1CCCC([N+](=O)[O-])C1[N+](=O)[O-],1.09
CNC(=O)OC1CCC(N(C)C)C(C)C1,0.30103
C#CC(C)N(C(=O)CCl)C1CCCCC1,2.415
O=[N+]([O-])C1CC(S(=O)(=O)NC2CCCCC2)CCC1NC1CCCCC1,1.5611522
ClC1C2(Cl)C=CC1(Cl)C(Cl)(Cl)C2(Cl)Cl,4.05
N#CC1CCCC(C#N)C1,0.575
N#CC1CC(I)C(O)C(I)C1,1.46
CCCCO,-0.39897
CC1sC(O)C(-C2CCCCC2)C(=O)C1C(=O)O,1.889985
CNC1CCC(N)CC1,1.70001
CNC(=O)OC1CCCCC1C(C)C,0.815
O=C1C(C(CC(O)C2CCC(-C3CCC(Br)CC3)CC2)C2CCCCC2)C(O)OC2CCCCC12,2.94
CC(C)(C)C1CC(C(C)(C)C)C(O)C(C(C)(C)C)C1,4.1653949
ClC1CCCCC1-C1NNC(-C2CCCCC2Cl)NN1,2.39
C1CCC2CC3C(CCC4CCCCC43)CC2C1,2.5075
CCC1CCCC(-C2CCCC(CC)C2)C1,3.755
CC(C)COC1CCC2CCCCC2C1,2.89242765
CCCCC(CC)COC(=O)CC(C(=O)OCC(CC)CCCC)S(=O)(=O)[O-],0.5
COC1CCC(Cl)C(Cl)C1Cl,3.2
CCOP(=S)([S-])OCC.CCOP(=S)([S-])OCC.[Pb+2],0.45
N#CC1C(Cl)CCCC1Cl,1.965
BrCCCCCCCCCCBr,1.93
CC(C)C1CCC([N+](=O)[O-])CC1,2.155005
C=CCC1=C(C)C(OC(=O)C2C(C=C(C)C)C2(C)C)CC1=O,2.499995
CC1CCCC(O)C1,1.03
ClC1CC(-C2CCCCC2)C(Cl)C(Cl)C1Cl,4.404999975
C=CC1(C)C=C2CCC3C(C)(C(=O)O)CCCC3(C)C2CC1,1.92
COC1NC(NC(C)C)NC(NC(C)C)N1,1.36493
ClC1CCCC(-C2CCCC(Cl)C2Cl)C1Cl,4.2
CCOP(=O)(OCC)OC1CC(C)NC(C(C)C)N1,-0.595
CCC(COCC(F)(F)C(F)(F)F)OC(=O)CC(C(=O)OC(CC)COCC(F)(F)C(F)(F)F)C(C(=O)OC(CC)COCC(F)(F)C(F)(F)F)S(=O)(=O)O,1.29
ClC1CC(Cl)CC(-C2CCCCC2)C1,3.44
OC(C(F)(F)F)C(F)(F)F,0.285924673
CC(C)OC(=O)C(Cl)(Cl)C(=O)OC(C)C,-0.215925
BrC=CC1CCCCC1,2.26
C[N+]1(C)CCCCC1,0.3
O=[N+]([O-])C1CCC(Cl)CC1,1.534446725
O=C1C2CCCCC2C(=O)C1C1NC2CCCCC2C(Br)C1O,1.009623648
CCCCC(C)CCCC(C)C,3.180000017
ClC(Cl)(Cl)Cl,0.95
CC1=NN(C2CCCCC2)C(=O)C1N=NC1CCC(-C2CCC(N=NC3C(=O)N(C4CCCCC4)N=C3C)C(Cl)C2)CC1Cl,0.59883653
C=CCNC(=O)C1C([Si](C)(C)C)sC(C)C1C,1.99
CC(C)C1CCC(N)CC1,0.94
CCCCC(CC)CN1C(=O)C2C(C1=O)C1(C(C)C)C=CC2(C)CC1,3.104520675
CCCCCCCCCCCCCCCCCCCCCCCCCCCC(=O)OCCO,1.2676974
NC1CCC(N=NC2CCCCC2)CC1,1.28501
CC1C(C#N)C(NC2CCC(S(=O)(=O)O)CC2)NC(NC2CCC(S(=O)(=O)O)CC2)C1N=NC1NC(-C2CCC3CCCCC3C2)C(N=NC2CC(S(=O)(=O)O)C3CC(S(=O)(=O)O)CC(S(=O)(=O)O)C3C2)s1,1.28
O=P(O)(C(F)(F)C(F)(F)C(F)(F)C(F)(F)C(F)(F)C(F)(F)C(F)(F)C(F)(F)F)C(F)(F)C(F)(F)C(F)(F)C(F)(F)C(F)(F)C(F)(F)C(F)(F)C(F)(F)C(F)(F)C(F)(F)F,5.79
CC(C)OC(=O)NC1CCCC(Cl)C1,2.16
ClCC(Cl)CCl,1.0406156
CN(C)C(CSS(=O)(=O)C1CCCCC1)CSS(=O)(=O)C1CCCCC1,2
CCOP(=S)(OCC)OC1NCN(-C2CCCCC2)N1,2.48
C[Si](C)(C)O[Si](C)(O[Si](C)(C)C)O[Si](C)(C)C,3.54
ClC1CCCC(Cl)C1Cl,2.95121385
COC1CCC(NC(=O)N(C)C)CC1Cl,1.88
CN(C1C(Br)CC(Br)CC1Br)C1C([N+](=O)[O-])CC([N+](=O)[O-])CC1C(F)(F)F,5.08
CC(C1CCC(O)CC1)C1CCC(O)CC1,1.31597
C1CNCCN1,0.41
CC1CCC(S(=O)(=O)OC2CCC(N=NC3CCC(-C4CCC(N=NC5C(O)CCC6CC(S(=O)(=O)[O-])CC(S(=O)(=O)[O-])C56)C(C)C4)CC3C)CC2)CC1.[Na+].[Na+],1.84
ClC1=C(Cl)C2(Cl)C3CCC4C(CCC3C1(Cl)C2(Cl)Cl)C1(Cl)C(Cl)=C(Cl)C4(Cl)C1(Cl)Cl,2.0281321
O=S(=O)(O)C1CC(Cl)CC(N=NC2CCC3C(O)CCCC3C2O)C1O,0.579889995
CCOP(=O)(OCC)OCC,-0.038847127
O=C([O-])C(Cl)(Cl)Cl.O=C([O-])C(Cl)(Cl)Cl.[Ca+2],-0.14874
CCCCCCCCSCC1CC(C)C(O)C(CSCCCCCCCC)C1,1.700005
C[N+](C)(C)CCCl,-2
ClC1CCC(-C2CCC(Cl)CC2)CC1,3.579945925
ClC1CC(Cl)C(-C2CCCCC2)C(Cl)C1,3.93
O=C(O)C1CCC(C(=O)O)NC1,0.56
C1=CCCC=CCCC=CCC1,3.91
CCN(CC)C(=O)C(Cl)=C(C)OP(=O)(OC)OC,1.88
NC1CCC(Cl)CC1Cl,1.389027675
O=[Cd],1.35
O=[N+]([O-])C1C(Cl)C(Cl)C(Cl)C(Cl)C1Cl,2.5025
O=C(O)COC1CC(Cl)C(Cl)CC1Cl,1.3800528
NC1CC(Cl)NC(C(=O)O)C1Cl,2
C=CC1CCC(CC)CC1,2.69
CC1C(CC2CC(C(C)(C)C)C(O)C(C(C)(C)C)C2)C(C)C(CC2CC(C(C)(C)C)C(O)C(C(C)(C)C)C2)C(C)C1CC1CC(C(C)(C)C)C(O)C(C(C)(C)C)C1,0.26959
CCOP(=S)(OCC)ON=C(C#N)C1CCCCC1,2.89
NC1NCCs1,0.06
CON=C(C(=O)OC)C1CCCCC1CON=C(C)C1CCCC(C(F)(F)F)C1,2.63
CC1CC(-C2CC(C)C(O)C(C)C2C)C(C)C(C)C1O,2.65
CC1CCCCC1N,0.54
N#CN=C(N)N,0.1575
OC1CC(Cl)CCC1Cl,1.11
NC1C(S(=O)(=O)O)CC(S(=O)(=O)[O-])C2CCCC([O-])C12.[Na+].[Na+],0.89982
O=C1C(C2CCCC3CCCCC32)C(O)OC2CCCCC12,2.24
CCCOC1NC2CCC(I)CC2C(=O)N1CCC,2.91
CC1CCC(NN=C2C(=O)C(C(=O)[O-])=CC3CCCCC32)C(S(=O)(=O)[O-])C1,0.59
ClC1C(Cl)C(Cl)C(Cl)C(Cl)C1Cl,3.232132483
ClC1=C(Cl)C2(Cl)C3CC(Cl)(Cl)CC3C1(Cl)C2(Cl)Cl,4.2
CC1CCC(N=C=O)CC1N=C=O,2.385
CCOC(=O)COC1CC(-C2NN(C)C(OC(F)F)C2Cl)C(F)CC1Cl,0.38
CCN(CC)C1CCC(C(=O)C2CCCCC2C(=O)O)C(O)C1,-0.0549
CCOP(=O)(OCC)OC(=CCl)C1CCC(Cl)CC1Cl,1.85
OC(C1CCCCC1)C1CCC(Cl)CC1,1.828191875
C=C(C)C1CCC(O)CC1,1.270035
CC(Cl)CCl,0.636220033
OC1CCC(CC2CCCCC2)CC1,1.42373015
C#CC1(O)CCC2C3CCC4CC(O)CCC4C3CCC21C,2.9
ClC1CC2C(CC1Cl)OC1CCCCC1O2,2.880000025
CC(C)C1CCC(-C2CC(Cl)CC(Cl)C2)CC1,3.04
COC1C(Cl)C(Cl)CC(Cl)C1Cl,3.69
CN(C)C1CCCCC1,0.96
CC1[NH]C(=O)N(C(C)(C)C)C(=O)C1Cl,0.779697818
C1CCC(-C2CCC(-C3CCCCC3)CC2)CC1,1.77
CC1CNC(=S)N1,1
NCCNCC1CCCCC1,0.6
CC(C)(C)C1CCC(CCOC2NCNC3CCCCC23)CC1,2.815
O=C1C(C2CC(C3CCC(-C4CCCCC4)CC3)CC3CCCCC32)C(O)OC2CCCCC12,3.95
O=S(=O)(O)C(F)(F)C(F)(F)C(F)(F)C(F)(F)C(F)(F)C(F)(F)C(F)(F)C(F)(F)C(F)(F)C(F)(F)F,3.41
CCCCCCCCCCCCOS(=O)(=O)O,-0.03
CC1CCCCN1,0.43
CC(C)N1C(=O)N(C2CCCCC2)CSC1=NC(C)(C)C,2.71
O=[N+]([O-])C1CCC(OC2CCC(Cl)CC2Cl)CC1,3.705
NC1C(Cl)CC(-C2CC(Cl)C(N)C(S(=O)(=O)O)C2)CC1S(=O)(=O)O,-0.1
O=C(O)C(F)(F)C(F)(F)C(F)(F)C(F)(F)C(F)(F)F,0.762035
COP(=S)(OC)OC1CCC([N+](=O)[O-])C(Cl)C1,1.552065
CNC(=O)ON=CC(C)(C)S(C)(=O)=O,-1.16
CC1(C)C(C=C(Cl)C(F)(F)F)C1C(=O)OC(C#N)C1CCCC(OC2CCCCC2)C1,3.290008625
CCCCC(O)(CN1CNCN1)C1CCC(Cl)CC1Cl,1.86001
CCSC(=O)N(CC(C)C)CC(C)C,2.61
SC1NC2CCCCC2s1,0.6515
CCCCCCCCCCCCN=C(N)N,1.2
CC(C)(C)C1CCC(OP(=O)(OC2CCCCC2)OC2CCCCC2)CC1,3.2
C1CCC2OCCC2C1,2.56
CCCSC(=O)N(CCC)CCC,2.56
CCCCCCCCCCCCSCCC(=O)OCC(COC(=O)CCSCCCCCCCCCCCC)(COC(=O)CCSCCCCCCCCCCCC)COC(=O)CCSCCCCCCCCCCCC,1.38
O=C(NC(=O)C1CCCCC1Cl)NC1CCC(Cl)CC1,1.86999
CCCCCCC(CC)CC,3.319999975
CCC1CCC(CCC(=O)[O-])C1.[Na+],0.64048
CC1NN(-C2CCCCC2)C(O)C1N=NC1CCC(-C2CCC(N=NC3C(C)NN(-C4CCCCC4)C3O)C(Cl)C2)CC1Cl,0.6
O=C(O)C1CCC(Cl)CC1,1
NC1C(Cl)CC([N+](=O)[O-])CC1Cl,1.88
CCN(CC1CCCC(S(=O)(=O)O)C1)C1CCC([C+](C2CCC(N(CC)CC3CCCC(S(=O)(=O)O)C3)CC2)C2CCCCC2S(=O)(=O)O)CC1,0.28
CSC1NC(NC(C)C)NC(NC(C)C)N1,1.929844725
CC1CCC(NN=C2C(=O)C(C(=O)O)=CC3CCCCC32)C(S(=O)(=O)O)C1,0.83999997
CC(C)=C1C=C2CCC3C(C)(C(=O)O)CCCC3(C)C2CC1,2.1425
CC(COC1CCC(C(C)(C)C)CC1)OS(=O)OCCCl,3.36
O=S(=O)([O-])C1CC(Cl)CC(N=NC2CCC3C(O)CCCC3C2O)C1O.[Na+],0.19866
CC1(C)CON(CC2CCCCC2Cl)C1=O,1.6
CC(CCO)CC(C)(C)C,0.855045
C=C(Cl)Cl,0.995
CC(C)OC(=O)C(C(=O)OC(C)C)=C1SCCS1=O,-0.774775
CN(C)C(=S)SSC(=S)N(C)C,0.5342687
C1CCC(OC2CCCCC2)CC1,2.5967905
O=C1C2CCCCC2C(=O)C2CC(Cl)CCC21,2.32240915
NC1CCC(Cl)CC1,0.662252855
COCCN(C(=O)CCl)C1C(C)CCCC1C,1.88
ClC1CC2CCCCC2CC1Cl,4.04
C=C(C)C1CCC(Cl)CC1,2.883745525
CCCCOCCOCCOCC1CC2C(CC1CCC)OCO2,3.34
ClC1=C(Cl)C2(Cl)C(Cl)CC1(Cl)C2(Cl)Cl,4.04980455
N=C(N)N,-1
O=C(O)C=CC(F)(C(F)(F)F)C(F)(F)F,0.32222
ClC1CC(Cl)C(-C2C(Cl)C(Cl)CC(Cl)C2Cl)C(Cl)C1Cl,5.435
COC1NC(C)NC(NC(=O)NS(=O)(=O)C2CCCCC2Cl)N1,1.88
BrC1CC(Br)C(OCCOC2C(Br)CC(Br)CC2Br)C(Br)C1,1.41996
CC(C)C1CCC(C)(C2CCC(O)CC2)CC1C1CCC(O)CC1,2.12
FC(F)(F)F,0.835
O=C(O)C1C(Cl)CCC(Cl)C1Cl,0.305
CNC(=O)C(=NOC)C1CCCCC1COC1CC(C)CCC1C,1.68
O=C1C2C(Br)C(Br)C(Br)C(Br)C2C(=O)N1CCN1C(=O)C2C(Br)C(Br)C(Br)C(Br)C2C1=O,0.260035
CC1CC2CCCCC2C2CCCCC12,2.563095625
CC(C)CCCCCCCOP(=O)(OC1CCCCC1)OC1CCCCC1,2.68419965
CC1CCCCC1[N+](=O)[O-],1.315926175
COC1CC(NC(=O)C(N=NC2CCC(-C3CCC(N=NC(C(C)=O)C(=O)NC4CC(OC)C(Cl)CC4OC)C(Cl)C3)CC2Cl)C(C)=O)C(OC)CC1Cl,0.48996
C=CCN(CC=C)CC=C,0.528667058
CC1CCC(Cl)CC1,1.8
O=C(O)C(F)(F)C(F)(F)C(F)(F)C(F)(F)C(F)(F)C(F)(F)C(F)(F)C(F)(F)C(F)(F)C(F)(F)C(F)(F)C(F)(F)C(F)(F)F,4.33
CCS,2
ClCCC1CCCCC1,1.864995
ClC1CCCC(-C2CCC(Cl)C(Cl)C2Cl)C1Cl,5.19
O=C(O)C(F)(F)C(F)(F)C(F)(F)C(F)(F)F,-0.04788
CC1CC(Cl)CCC1OC(C)C(=O)O,0.479285315
CCOC1NC(C(Cl)(Cl)Cl)Ns1,2.22
COP(=O)(OC)OC,-0.055
BrC1CCC(-C2CC(Br)CC(Br)C2)CC1,1.92002
FC(Cl)(Cl)Cl,1.32
NC1C(Cl)CC([N+](=O)[O-])CC1[N+](=O)[O-],1.05995
C1CCC2C(C1)CCC1C3CCCCC3CCC21,2.245
NC(=O)C1[NH]CNC1N,0.45933
O=[N+]([O-])C1CC(Cl)CCC1Cl,1.87
CC1CCC(N=CN(C)C=NC2CCC(C)CC2C)C(C)C1,3.26108635
CC1CC(NN=C2C(=O)C=CC3CCCCC32)C(S(=O)(=O)[O-])CC1Cl,1.07
O=C(O)C1C(Cl)CCCC1Cl,0.02
O=C(O)CN1C(=O)sC2CCCC(Cl)C21,1.559075625
CCNC1NC(NC(C)(C)C)NC(SC)N1,1.93001
CC(C)C1CCCC2CCCCC12,2.875
CCS(=O)(=O)OC1CCC2C(C1)C(C)(C)CO2,1.34
ClC1CCCC(-C2CCCC(Cl)C2)C1,2.630000025
CC(C)(C)C1CC2C(C(C(C)(C)C)C1)OP(=O)([O-])OC1C(CC(C(C)(C)C)CC1C(C)(C)C)C2.[Na+],0.24055
NC1CNN(-C2CCCCC2)C(=O)C1Cl,1.08
CCCN(CCOC1C(Cl)CC(Cl)CC1Cl)C(=O)N1CCNC1,2.591098125
N=C(NC1CCCCC1)NC1CCCCC1,0.92551499
ClC1CCC(Cl)C(-C2CC(Cl)C(Cl)C(Cl)C2Cl)C1,5.545
O=S1OCC2C(CO1)C1(Cl)C(Cl)=C(Cl)C2(Cl)C1(Cl)Cl,3.185
ClC1=C(Cl)C2(Cl)C=CC1(Cl)C2(Cl)Cl,3.807453334
OC(CC1CCCCC1Cl)(CN1[NH]CNC1=S)C1(Cl)CC1,1.27207895
CCCCCCCCCCCCC1CCCCC1S(=O)(=O)O,2.02
CCCCCCCCCCCCCOP(OC1CCCCC1)OC1CCCCC1,1.55
CCCCCCCCCC1CCCCC1O,1.06
O=C(O)COC1NC(Cl)C(Cl)CC1Cl,-0.099227504
OC1CCCCC1,0.895
CC1CC(Cl)CCC1N,1.286207475
CNC(=O)N(C)C1NC2CCCCC2s1,1.88
CCC(C)NC(C)CC,0.214695
O=C(O)C(F)(F)C(F)(F)C(F)(F)C(F)(F)C(F)(F)C(F)(F)F,1.257635
CC(=O)N(C)C1CCCCC1,0.009590459
CC(C)[N+](=O)[O-],0.62
C=C(C)CC(C)(C)C,2.814865575
ClCC1CCC(-C2CCC(CCl)CC2)CC1,1.434985
ClC1CCC(OC2CCC(Cl)C(Cl)C2)CC1Cl,4.425
CCCC1CCC(C2CCC(OCC)C(F)C2F)CC1,1.869995
ClC1CC(Cl)C(-C2CCCC(Cl)C2Cl)CC1Cl,5.345
CCCCCCCCCCCCC1CCC(O)CC1,3.22
FC(F)(Cl)C(F)(Cl)Cl,1.645741025
O=C(CC1CCCCC1)N=C(NOCC1CC1)C1C(C(F)(F)F)CCC(F)C1F,2.72
CCCCC(CC)COC(=O)C1CCC(C(=O)OCC(CC)CCCC)C(C(=O)OCC(CC)CCCC)C1,0.595
ClC1NC(Cl)NC(NC2CCCCC2Cl)N1,2.32
NC1CC(S(=O)(=O)O)CC2CC(S(=O)(=O)O)CC(O)C12,0.460000005
COC(=O)C(C)OC1CCC(OC2NCC(C(F)(F)F)CC2Cl)CC1,1.22997
COC1CCC(N)C([N+](=O)[O-])C1,0.761028903
O=P(NC1CCCCC1)(OC1CCCCC1)OC1CCCCC1,1.86
ClC1CCC(Cl)C(-C2CC(Cl)C(Cl)CC2Cl)C1,5.05
ClC1CC(Cl)C(-C2C(Cl)CCCC2Cl)C(Cl)C1,4.809999975
NC1CCCNC1,0.065
CCCCCCCCN1sCCC1=O,2.218111
COC1CCC(OC2CCC(NC(=O)N(C)C)CC2)CC1,1.46
FC1CCC(C2(CN3CNCN3)OC2C2CCCCC2Cl)CC1,1.845
CNC1CNN(-C2CCCC(C(F)(F)F)C2)C(=O)C1Cl,1.45
CN(C)C(=O)NC1CCC(Cl)CC1,1.88
ClC1CCC2C(C1)OC1C(Cl)C(Cl)C(Cl)C(Cl)C1O2,3.21
FC(F)(F)C(F)(F)C(F)(F)C(F)(F)C(F)(F)C(F)(F)C(F)(F)C(F)(F)F,3.41
CCCCCCCCN(CCCCCCCC)CCCCCCCC,1.95
O=C1[NH]C2C(C(=O)N1C1CCCCC1)CCC2,1.26
NC(N)=NCCCCCCCCNCCCCCCCCN=C(N)N,-1.4
O=S(=O)([O-])C1CC(S(=O)(=O)[O-])C2CC(O)CCC2C1.[K+].[K+],-1
ClC1CCC(OC2CCC(Cl)CC2Cl)CC1,3.79
ClC1CCC2OC3CCC(Cl)CC3C2C1,3.660000025
ClC1CCC(-C2CC(Cl)C(Cl)C(Cl)C2)CC1Cl,4.68
CC1CC(-C2CC(C)C(OCC3CO3)C(C)C2)CC(C)C1OCC1CO1,1.17504
CC1(C)CN=C(NN=C(C=CC2CCC(C(F)(F)F)CC2)C=CC2CCC(C(F)(F)F)CC2)NC1,4.54
CC1CC(-C2CCC(N=NC3C(S(=O)(=O)O)CC4CC(S(=O)(=O)O)C(N=NC5CCCCC5)C(O)C4C3N)C(C)C2)CCC1N=NC1CCC(N)CC1N,1.53
ClC1CC(Cl)C(-C2C(Cl)CCC(Cl)C2Cl)CC1Cl,5.08
CCOC1CCC(NC(=O)OC(C)C)CC1OCC,2.52
CCOC(=O)NCCOC1CCC(OC2CCCCC2)CC1,2.33
CC(=O)OC1CCCCC1C(C)(C)C,2.280005
OP(O)C1CCCCC1,-0.1175
NC1CC([N+](=O)[O-])CC([N+](=O)[O-])C1O,0.47
Cl.O=C1CN2CCC1CC2,0.77012
CCCC(=NOCC)C1C(=O)CC(CC(C)SCC)CC1=O,0.51
CCOP(=O)(SC(C)CC)SC(C)CC,2.34
CCOC1CCC(C(C)(C)COCC2CCCC(OC3CCCCC3)C2)CC1,3.6
NC1C(N=NC2CCC(S(=O)(=O)CCOS(=O)(=O)[O-])CC2)C(S(=O)(=O)[O-])CC2C1C(=O)C(=NNC1CCC(S(=O)(=O)CCOS(=O)(=O)[O-])CC1)C(S(=O)(=O)[O-])=C2,0.54
O=C(O)C1CC(OC2CCC(C(F)(F)F)CC2Cl)CCC1[N+](=O)[O-],2.45
C=CCOC(=O)C(C)(C)OC(=O)C1CC(-N2C(=O)CC(C(F)(F)F)N(C)C2=O)CCC1Cl,0.59994
ClC1C(Cl)C(Cl)C(-C2CCCCC2)C(Cl)C1Cl,4.849999975
CCC1(C2CCCCC2)C(=O)NC(=O)NC1=O,0.42933
ClC(Cl)=C(C1CCC(Cl)CC1)C1CCC(Cl)CC1,4.295
CC1OC(C)OC(C)OC(C)O1,1.04
O=S(=O)([O-])C(F)(F)C(F)(F)C(F)(F)C(F)(F)C(F)(F)C(F)(F)F.[K+],1.74036
N#CC1CCC(O)CC1,0.910045008
ClC1CCC(-C2CC(Cl)C(Cl)C(Cl)C2Cl)CC1Cl,5.88
CCOP(=S)(OCC)SCSC(C)(C)C,2.53
O=[N+]([O-])C1CC(Cl)CC(Cl)C1O,1.3547089
COC1C(Cl)C(Cl)C(Cl)C(Cl)C1OC,4.4000149
CC1CC(C)CC(C)(C)C1,3.650000017
CCCCCCC1CCCCC1,3.29
CNC(=O)OC1CCCC2C1OC(C)(C)O2,1.81
CCOP(=O)(O)C(N)=O,1.08
CCCCCCCCCCCC(=O)OC1C(Cl)C(Cl)C(Cl)C(Cl)C1Cl,2.315005
COC1CC(Cl)CCC1OC1CCC(Cl)CC1Cl,3.5
BrC1C(Br)C(Br)C(OC2C(Br)C(Br)C(Br)C(Br)C2Br)C(Br)C1Br,1.7422425
CCCCCCCCCCCCCCCC(=O)[O-].[H+],2.85
CCCCCCCCCCCCC1CCC(OC2CC(S(=O)(=O)O)CCC2S(=O)(=O)O)CC1,1.1
ClC1CCC2C(C1Cl)OC1C(Cl)C(Cl)C(Cl)C(Cl)C1O2,4
OC1CCC(C2(C3CCC(O)CC3)CCCCC2)CC1,1.7515
C1C2CC3CC1CC(C2)C3,3.395
CCNC1NC(Cl)NC(NC(C)C)N1,0.73
ClC1CCC(-C2C(Cl)CCC(Cl)C2Cl)CC1Cl,5.06
CC(C)=CC1C(C(=O)OCC2CCCC(OC3CCCCC3)C2)C1(C)C,2.7575
O=S(=O)(O)C1CC(S(=O)(=O)O)C2CC(O)CCC2C1,0.25
CC1CCC2CC(C)C(C)CC2C1,3
BrC1CC(Br)C(Br)C(OC2CCC(Br)C(Br)C2Br)C1,3.14
NC1CC(Cl)C(Cl)C(Cl)C1Cl,2.33
ClC1CC(Cl)C(-C2CCC(Cl)C(Cl)C2)C(Cl)C1,4.809999975
CC(=O)NC1CCC(S(=O)(=O)O)CC1,0.1
COC(=O)NC(=S)NC1CCCCC1NC(=S)NC(=O)OC,1.88
C=C(Cl)C(=O)OCCC(F)(F)C(F)(F)C(F)(F)C(F)(F)F,1.87
FC(F)(F)C1CCC(Cl)CC1Cl,3.425
CCCCCCCCCCCCCCC(C)C1CC(C)CC(C)C1O,0.78016
CC1CCC(NN=C2C(=O)C=CC3CCCCC32)C([N+](=O)[O-])C1,0.44
ClC1CCC2C(C1)OC1CC(Cl)C(Cl)C(Cl)C1O2,3.347499975
CC(C)C1CCC2C(C(C)C)CC(S(=O)(=O)[O-])CC2C1.[Na+],0.6
CSC1NNC(C(C)(C)C)C(=O)N1N,1.014975
CCNC1CCCC2CCCCC12,2.3527546
ClC1CCC(-C2CCC(Cl)CC2Cl)C(Cl)C1,3.91261525
CC1CC(O)CCC1Cl,0.988932875
ClC1CC2OC3C(Cl)C(Cl)CCC3C2CC1Cl,2.72
O=P(OCC(CCl)(CBr)CBr)(OC(CCl)CCl)OC(CCl)CCl,3.43
CCC(CC)NC1C([N+](=O)[O-])CC(C)C(C)C1[N+](=O)[O-],3.71
CCC(C)NC1CCC(CC2CCC(NC(C)CC)CC2)CC1,0.929965
CC(C)(O)C(=O)C1CCC(CC2CCC(C(=O)C(C)(C)O)CC2)CC1,1.3
CCC(C)(C)C(=O)OC1=C(C2CC(Cl)CC(Cl)C2)C(=O)OC12CCCCC2,0.15
ClC1CCCCC1-C1CCCCC1,5.245
O=C(O)C1C(Cl)CCC2CC(Cl)CNC12,-0.100412504
CC(CC1CCC(C(C)(C)C)CC1)CN1CC(C)OC(C)C1,3.025099967
CN(C)CC1CCCCC1,1.05
BrC1CCC(Br)C(-C2C(Br)CCCC2Br)C1,4.97
CC(=O)C1C(C)C([N+](=O)[O-])C(C(C)(C)C)C([N+](=O)[O-])C1C,3.09
NC1NC[NH]N1,-0.015758526
[C-]#[N+]C1CC(Cl)CCC1OP(=S)(OC)OC,0.80003
CC(C)N(C(=O)CCl)C1CCCCC1,1.57
BrCC(CBr)(CBr)CBr,2.293622975
NC1CCC(S(=O)(=O)O)CC1,0.04
O=[N+]([O-])C1CCCCC1,0.655
C=CC(Cl)CCl,0.855
CC(C)CCOCCC(C)C,2.3
O=C(O)C1CCCC([N+](=O)[O-])C1,0.6
C=CC1CCCC(C=C)C1,2.54
O=P(OC1CCCCC1)(OC1CCCCC1)OC1CCCCC1-C1CCCCC1,2.82
CN(C)C(=O)NC1CCCC(C(F)(F)F)C1,1.61
CCCCCCCCCC[N+](C)(C)CCCCCCCCCC,2.12
CCSC(C)CC1CC(=O)C(=C(CC)NOCC=CCl)C(=O)C1,0.32
O=S(=O)([O-])C1CCC(O)C2CCCCC12.[Na+],0.11059
ClCBr,0.48588593
C1CCC2C(C1)CCC1CC3C(CCC4CCCCC43)CC12,2.8
CC(=O)OCC(=O)C1(O)CCC2C3CCC4=CC(=O)CCC4(C)C3C(=O)CC21C,1.29994
CC(C1CC1)C(O)(CN1CNCN1)C1CCC(Cl)CC1,1.45
O=C(O)C1CCCCC1C(=O)NC1CCCC2CCCCC12,2.2
O=C(O)C(F)(F)C(F)(F)C(F)(F)C(F)(F)C(F)(F)C(F)(F)C(F)(F)C(F)(F)C(F)(F)F,3.22
CCCCCCCCCCCCCCCCO,3.04
OC1CCC(Cl)CC1Cl,1.705
CC1CCC(N)CC1,0.61
ClC1CC2C(CC1Cl)OC1C(Cl)C(Cl)C(Cl)C(Cl)C1O2,3.885
CN(C)C(=O)C(C1CCCCC1)C1CCCCC1,1.73
O=C(NC1CCCCC1)NC1CCCCC1,-0.02437
CC1(C)C(C(=O)OC(C#N)C2CCCC(OC3CCCCC3)C2)C1(C)C,3.04
O=C1CCCCCCCCCCCN1,0.285
ClC1CCCC(Cl)C1-C1C(Cl)CCCC1Cl,3.85
COP(=O)(OC)OC1CCCCC1,2.76
NC1CCCC(N)C1,0.805
CCOP(=S)(OCC)SCN1C(=O)OC2CC(Cl)CCC21,2.26
CC1CCC2CCCCC2C1,2.49
O=P(OCC(Br)CBr)(OCC(Br)CBr)OCC(Br)CBr,0.41321534
O=P(O)(O)OCC(Cl)(Cl)Cl,0.079007005
CCOC(=O)C(=CC1CCC(C=C(C(=O)OCC)C(=O)OCC)CC1)C(=O)OCC,1.279945
ClC1CC(Cl)C(-C2CC(Cl)C(Cl)CC2Cl)CC1Cl,5.56
NC1CCC(CC2CCC(N)CC2)CC1,1.115
O=[N+]([O-])C1C(Cl)C(Cl)CC(Cl)C1Cl,3.228639875
O=[N+]([O-])C1CCC(Cl)C(S(=O)(=O)[O-])C1.[Na+],1.04999
CC(C)C1CC2C(CC1Cl)C1(C)CCCC(C)(C(=O)O)C1CC2,1.67
C=CCC=CCC=CCC=CC,3.345
CN(C)C1CCC(C2(C3CCC(N(C)C)CC3)OC(=O)C3CC(N(C)C)CCC32)CC1,3.135
CCOP(=S)(OCC)OC1CCC(=O)N(-C2CCCCC2)N1,0.77
C[N+]1([O-])CCOCC1,1
CCCCCCCCCCSSCCCCCCCCCC,1.150803125
CCCSP(=O)(OCC)SCCC,1.78997
C=C(Br)C1CCCCC1,2.1
O=C1C2C(Cl)C(Cl)C(Cl)C(Cl)C2C2=NC3CCCC4CCCC(C34)N12,1.41497
FC(F)(Cl)Cl,0.868280465
BrC(Br)C(Br)Br,0.759902348
ClC1CC(Cl)C(OC2CCCCC2)CC1Cl,3.641153075
C1CCC2C(C1)C1CCCCC1C1CCCCC21,2.410000025
CCC(C)(C)C1CCC(O)C(C(C)(C)CC)C1,2.58
CC(CCl)OP(=O)(OC(C)CCl)OC(C)CCl,0.572670857
CCOP(=S)(OCC)OC1NC(Cl)C(Cl)CC1Cl,3.18
NNC(=O)NN,0.650155
CC(C)(C)C1CC(CCC(=O)OCC(COC(=O)CCC2CC(C(C)(C)C)C(O)C(C(C)(C)C)C2)(COC(=O)CCC2CC(C(C)(C)C)C(O)C(C(C)(C)C)C2)COC(=O)CCC2CC(C(C)(C)C)C(O)C(C(C)(C)C)C2)CC(C(C)(C)C)C1O,-0.17
CCC(F)(F)C(F)(F)C(F)(F)C(F)(F)C(F)(F)C(F)(F)F,3.41
O=C(O)C(F)(F)C(F)(F)C(F)(F)C(F)(F)C(F)(F)C(F)(F)C(F)(F)C(F)(F)C(F)(F)C(F)(F)C(F)(F)C(F)(F)C(F)(F)C(F)(F)C(F)(F)F,3.725
CC1NC(N(C)C)NC(OC(=O)N(C)C)C1C,1.38
CC(C)CCCCCCC1CCC(O)CC1,2.57
C=CCCCCCCC,3.177848275
CCN(CC1CCCC(S(=O)(=O)O)C1)C1CCC([C+](C2CCC(N(C)C)CC2)C2CCC(N(CC)CC3CCCC(S(=O)(=O)O)C3)CC2)CC1,0.57
BrC1CCC(Br)C(Br)CCC1Br,3.7
C=C(C)CN(CC)C1C([N+](=O)[O-])CC(C(F)(F)F)CC1[N+](=O)[O-],3.12
O=C1C2CCCCC2C(=O)C2C1CCC1CCCCC21,1.599883525
CC(C)OC(=O)C(O)(C1CCC(Br)CC1)C1CCC(Br)CC1,3.02
COP(=S)(OC)OC1CCC([N+](=O)[O-])CC1Cl,1.889985
CCCCC(CC)C(C1CCC(OC(F)(F)C(F)F)CC1)C1CCC(OC(F)(F)C(F)F)CC1,3.19
S=C=S,1.2825
ClC1CCC2CCCCC2C1,3.630000025
C=CC(=O)OCCC(F)(F)C(F)(F)C(F)(F)C(F)(F)F,1.719995
ClC1CCC(-C2CCCCC2Cl)CC1Cl,4.415
C=CC1(C)CCC2C(=CCC3C(C)(C(=O)O)CCCC23C)C1,1.63
O=C1C2CCCCC2-C2CCCC3CCCC1C23,2.1229653
NC1CCC(S(=O)(=O)O)C2CCCCC12,0.779999985
CCC(C)(C)C1CC(-N2NC3CCCCC3N2)C(O)C(C(C)(C)CC)C1,3.175
OC1CCC(-C2CCCCC2)CC1,1.65171275
COC1CCCCC1NC(=O)C(N=NC1CCC(S(=O)(=O)O)CC1[N+](=O)[O-])C(C)=O,1
CC(=O)OO,0
CCOC1CCC(NC(C)=O)CC1,1.23
CCC1CCCC(C)C1NC1CCC(NC2C(C)CCCC2CC)C2C1C(=O)C1CCCCC1C2=O,0.540165
COC1CC(Cl)C(Cl)CC1O,1.975
CC(C)(C)C1CC(-C2CCCCC2)CC(C(C)(C)C)C1O,3.921302
ClC(Cl)=C(Cl)C(Cl)=C(Cl)Cl,3.815
CCOP(=S)(OCC)OC1CCC(S(C)=O)CC1,1.68
ClC1CCC(OC2CC(Cl)C(Cl)CC2Cl)C(Cl)C1,4.21
CCC1CCCC(CC)C1N(COC)C(=O)CCl,1.12057
O=S(=O)(O)C(F)(F)C(F)(F)C(F)(F)C(F)(F)C(F)(F)C(F)(F)F,3.6
O=CNC(N1CCN(C(NC=O)C(Cl)(Cl)Cl)CC1)C(Cl)(Cl)Cl,0
CC1CC(NN=C2C(=O)C=CC3CCCCC32)C(S(=O)(=O)O)CC1Cl,1.0700001
CC1CCCCC1S(N)(=O)=O,0.223886828
CC1CCC(O)C([N+](=O)[O-])C1,0.957945435
CC(C)C1CCC2CCCCC2C1,3.96
CNC(=O)N(C)C1NNC(C(F)(F)F)s1,0.79
C=CC(N)=O,0.089955
CC1CCC(N)CC1N,1.45
CCC1CCC(-C2CCC(CC)CC2)CC1,3.76
NC1CCC(CC2CCC(N)C(Cl)C2)CC1Cl,2.325
CC1CCC([N+](=O)[O-])CC1Cl,1.69
CC(N)C1CCCCC1,0.73
COC1C(Cl)CC(Cl)CC1Cl,2.821545
CC1CC(NC(=O)NC2CCC(N=NC3CC(S(=O)(=O)O)C4CCCC(S(=O)(=O)O)C4C3)C(C)C2)CCC1N=NC1CC(S(=O)(=O)O)C2CCCC(S(=O)(=O)O)C2C1,0.2
CC1CCCC([N+](=O)[O-])C1,1.015
C=CC1CCC(S(=O)(=O)[O-])CC1.[Na+],0.60959
CCSCC1CCCCC1OC(=O)NC,1.88
CC(C)(C)C1CCC(CSC2CNN(C(C)(C)C)C(=O)C2Cl)CC1,1.68
ClC1CC(Cl)C(-C2C(Cl)CC(Cl)CC2Cl)C(Cl)C1,3.36
CC=CC(=O)OC1C(C(C)CCCCCC)CC([N+](=O)[O-])CC1[N+](=O)[O-],3
ClC1CCC(-C2CCC(Cl)C(Cl)C2Cl)C(Cl)C1,4.93
CC(C)C(O)C(C)(C)CO,-0.155
C1CCC2C(C1)-C1CCCC3CCCC-2C13,2.69
CC1CC(Cl)NC(Cl)C1C#N,0.589975
OC1CCCCC1-C1CCCCC1,1.34
CCCC1CCC(C2OC(C(O)CO)C3OC(C4CCC(CCC)CC4)OC(CCC)C3O2)CC1,2.18
CC1CCC(S(=O)(=O)O)C(C)C1,0.13
CC1CC(CC2CCC(N)C(C)C2)CCC1N,1.530015
NCC1CCCC(CN)C1,0.19
CCCCOC(=O)C(C)OC1CCC(OC2CCC(C#N)CC2F)CC1,0.88
BrC1(Br)CCCCCCCCCC(Br)(Br)C1(Br)Br,1.86999
CCCCOP(=O)(OCCCC)OCCCC,1.375
CC1CC(O)CCC1[N+](=O)[O-],1.15987
